ip,ip_country,pages_visited,campain,target_revenue,customer_id,count
100.169.223.85,United States,4.0,true,143.0,cdfe7050e2,1
100.178.24.248,United States,5.0,true,136.0,ceda18dcb1,1
100.251.83.29,United States,4.0,false,333.0,35ca0072ef,1
100.52.213.105,United States,10.0,false,310.0,4d71446ef2,1
101.104.72.44,China,8.0,false,172.0,6bd62893be,1
101.11.37.217,Taiwan,2.0,false,267.0,da71310482,1
101.173.21.200,Australia,5.0,true,189.0,c945281041,1
101.219.67.217,India,3.0,true,34.0,3d722c55f9,1
101.231.234.22,China,3.0,true,77.0,cfe77ec96e,1
101.254.15.149,China,8.0,false,97.0,fe6db3136b,1
101.40.176.214,China,7.0,false,107.0,9b66bcf267,1
101.50.221.216,Japan,6.0,false,182.0,25c6b8b30e,1
101.52.91.121,China,6.0,true,90.0,6a29247e4f,1
101.62.252.210,India,5.0,false,69.0,7e3cc180c8,1
101.67.157.157,China,6.0,false,98.0,7b0a06bcef,1
101.77.243.220,China,8.0,false,78.0,83394daf07,1
101.80.15.233,China,11.0,false,62.0,598afbca53,1
101.82.108.180,China,9.0,false,129.0,a49dfb63ab,1
101.96.113.15,Vietnam,2.0,false,69.0,50ad0aae13,1
103.2.80.239,India,7.0,false,42.0,c7f967194a,1
105.142.227.67,Morocco,7.0,false,62.0,22633fd50f,1
105.147.94.157,Morocco,2.0,false,59.0,543a4014a5,1
105.166.176.141,Kenya,8.0,false,86.0,145fac3c8c,1
105.210.243.227,South Africa,5.0,false,104.0,e8bb5fda4e,1
105.212.182.6,South Africa,6.0,false,84.0,b5f70b4106,1
105.222.157.205,South Africa,11.0,true,88.0,5e39a650a0,1
106.132.199.49,Japan,9.0,false,159.0,53681997b1,1
106.143.115.100,Japan,5.0,false,166.0,7e202536e3,1
106.170.155.108,Japan,5.0,true,130.0,709938c853,1
106.181.173.151,Japan,7.0,false,247.0,3501472a59,1
106.183.47.100,Japan,6.0,false,190.0,cc025369ff,1
106.21.242.45,China,6.0,true,95.0,a90b2b78a5,1
106.42.208.132,China,6.0,false,84.0,9eb7d7f40b,1
107.123.192.28,United States,11.0,true,191.0,6a07bac3d5,1
107.232.20.193,United States,5.0,false,72.0,f2aaeb444a,1
107.39.123.202,United States,6.0,false,180.0,91a27bee31,1
107.49.75.149,United States,7.0,false,188.0,d3c6cc82b4,1
107.8.155.107,United States,5.0,true,186.0,df5056d2f9,1
107.98.247.31,United States,5.0,false,324.0,75bd91e90c,1
108.117.80.49,United States,5.0,true,163.0,d434622c6b,1
108.145.34.234,United States,5.0,false,248.0,705d636010,1
108.145.73.88,United States,7.0,false,226.0,50a45cb109,1
108.177.244.176,United States,9.0,true,163.0,5aea517c10,1
108.178.190.78,United States,8.0,false,280.0,88f3a0de17,1
108.183.173.154,United States,4.0,false,291.0,5f7e922380,1
108.199.71.18,United States,8.0,false,289.0,882a32e7fd,1
108.208.237.98,United States,4.0,false,166.0,9f5bcad75a,1
108.226.9.105,United States,7.0,false,142.0,e73b294666,1
108.250.191.7,United States,9.0,true,136.0,d5ee46a839,1
108.251.201.180,United States,5.0,false,259.0,6abc9c7c4e,1
108.253.215.71,United States,4.0,false,197.0,b0a372c83f,1
109.149.172.119,United Kingdom,6.0,true,180.0,419c23ab62,1
109.182.168.52,Slovenia,6.0,true,119.0,e04d1a6dbd,1
110.148.205.236,Australia,5.0,false,64.0,57fae96e85,1
110.154.18.98,China,3.0,false,97.0,25b53092ce,1
110.157.229.227,China,5.0,false,70.0,7868cb98f4,1
110.16.245.208,China,5.0,true,66.0,12cf8b87df,1
110.183.95.84,China,6.0,false,60.0,74103f8a7b,1
110.222.16.68,China,7.0,true,94.0,69e507fd6f,1
110.45.206.112,Republic of Korea,6.0,true,154.0,be225db08a,1
110.60.187.12,China,2.0,false,61.0,8c91dbdf04,1
110.65.52.14,China,2.0,false,67.0,78163f03a7,1
110.73.126.145,China,11.0,true,90.0,4882d3cd58,1
110.80.54.75,China,6.0,false,81.0,47f7241dec,1
111.112.211.226,China,2.0,false,92.0,274a743f5e,1
111.12.112.224,China,10.0,false,73.0,598dab1f2d,1
111.123.85.126,China,6.0,false,93.0,8f29a3b979,1
111.133.131.232,China,3.0,false,156.0,ce9873d43e,1
111.230.243.192,China,7.0,false,74.0,32bd0068c1,1
111.231.51.105,China,4.0,false,112.0,9cc6ee2ac5,1
111.239.194.205,Japan,4.0,false,150.0,cfaa36a2d7,1
111.70.216.24,Taiwan,6.0,false,229.0,31e53a300d,1
112.129.11.144,China,5.0,false,70.0,465f9d4325,1
112.131.6.83,China,4.0,false,98.0,dfe30829b5,1
112.131.82.200,China,7.0,false,65.0,8d59ad7e79,1
112.164.192.41,Republic of Korea,3.0,false,194.0,1049d014c5,1
112.211.116.218,Philippines,4.0,false,50.0,a95022c306,1
112.238.85.10,China,6.0,false,75.0,1b155592b2,1
112.252.59.97,China,5.0,true,77.0,59a600511e,1
112.28.250.122,China,6.0,true,92.0,f2356a2198,1
112.35.247.93,China,3.0,false,80.0,35b6db2b6a,1
112.44.33.62,China,7.0,false,68.0,11bee084de,1
112.7.15.58,China,5.0,false,171.0,63639d6783,1
113.171.149.156,Vietnam,5.0,false,102.0,4212137162,1
113.199.118.176,Republic of Korea,5.0,false,178.0,f828223623,1
113.20.28.90,Indonesia,8.0,true,52.0,6f479d897a,1
113.211.141.208,Malaysia,3.0,false,110.0,6ef6d265c4,1
113.232.52.144,China,6.0,false,96.0,3dbb443683,1
113.238.136.2,China,6.0,true,91.0,f7a4a0878a,1
113.248.1.220,China,7.0,false,83.0,388e961106,1
113.62.130.212,China,6.0,false,166.0,7ed1954f5d,1
113.84.218.11,China,6.0,false,155.0,995825c259,1
113.92.101.71,China,6.0,true,89.0,2bbac00048,1
114.113.32.101,China,4.0,false,133.0,528feea665,1
114.140.130.28,Taiwan,5.0,false,212.0,98a2e1b28a,1
114.163.247.157,Japan,7.0,false,204.0,b7365b98c8,1
114.22.157.227,Japan,2.0,false,236.0,e54aa0b458,1
114.228.124.108,China,5.0,false,91.0,9568856f82,1
114.37.210.66,Taiwan,8.0,false,158.0,e9d04d7bd6,1
114.43.59.40,Taiwan,4.0,true,191.0,964d3e2e3a,1
114.7.7.95,Indonesia,6.0,false,92.0,98ff84e58d,1
114.74.19.3,Australia,6.0,false,182.0,e9735b7972,1
114.78.1.24,Australia,6.0,false,178.0,4f5f5c2d66,1
114.90.177.216,China,7.0,false,86.0,ca82fe01c1,1
115.120.46.220,China,5.0,true,170.0,296e863d8b,1
115.141.108.96,Republic of Korea,4.0,false,166.0,5bd9d64fcc,1
115.185.68.195,India,1.0,true,33.0,7a0ea7c7f0,1
115.192.221.2,China,3.0,false,100.0,1a6699a280,1
115.2.31.109,Republic of Korea,5.0,false,203.0,dd629a66e4,1
115.215.232.111,China,5.0,false,95.0,f2443e309c,1
115.225.104.208,China,4.0,true,64.0,20adaccf18,1
115.229.64.100,China,10.0,true,122.0,5484737e9a,1
115.236.217.80,China,2.0,false,69.0,fc062d9bb6,1
115.247.254.215,India,6.0,true,102.0,c3e13e1fc6,1
115.253.17.237,India,7.0,false,139.0,6995a17e34,1
115.254.115.252,India,9.0,true,46.0,ac922d4bce,1
115.63.107.59,NA,6.0,false,63.0,6e2d89f926,1
115.7.38.73,Republic of Korea,7.0,false,141.0,220573e40d,1
115.7.76.146,Republic of Korea,4.0,false,122.0,22c029316a,1
115.71.197.66,Republic of Korea,3.0,false,125.0,afe032ebdc,1
116.158.144.86,China,4.0,true,151.0,9c4b7e1a56,1
116.189.116.14,China,6.0,true,61.0,f1e4b4eefb,1
116.201.187.121,Republic of Korea,8.0,false,156.0,3e36e9ebd2,1
116.211.76.6,China,6.0,false,166.0,b2e380ccaf,1
116.72.108.201,India,1.0,false,65.0,534097dca5,1
117.132.57.66,China,3.0,true,167.0,4af5f36bc0,1
117.151.130.99,China,9.0,false,77.0,c66f4400c6,1
117.248.26.41,India,6.0,false,35.0,55377478b1,1
117.250.254.95,India,9.0,false,87.0,edfd56a4e6,1
117.250.34.222,India,11.0,false,53.0,72171f4397,1
117.253.219.133,India,4.0,true,125.0,83e231fc60,1
117.27.143.93,China,5.0,false,109.0,493ea73254,1
117.73.201.10,China,1.0,false,55.0,04aa01ada8,1
117.94.178.116,China,7.0,false,73.0,fafd78ad68,1
118.151.148.232,Japan,5.0,false,180.0,bc354d2a33,1
118.156.14.252,Japan,7.0,false,192.0,a96874c778,1
118.157.115.243,Japan,7.0,false,217.0,b67a97ad60,1
118.193.116.103,China,3.0,false,86.0,92e7a43567,1
118.197.197.75,China,9.0,false,171.0,994a2c8e4f,1
118.28.163.29,China,6.0,false,184.0,56a0c489ae,1
118.76.95.22,China,3.0,true,62.0,1ce767c328,1
118.89.244.111,China,6.0,true,96.0,8cdb59ed44,1
118.92.117.207,New Zealand,2.0,true,115.0,f13c03200c,1
118.96.121.143,Indonesia,6.0,false,61.0,b77e324483,1
118.98.129.80,Indonesia,8.0,false,76.0,eeb6d79d81,1
119.107.61.9,Japan,3.0,true,222.0,882ffc8a9a,1
119.198.42.117,Republic of Korea,3.0,false,165.0,75a44afc3b,1
119.214.238.205,Republic of Korea,6.0,true,134.0,5f71ff9ac0,1
119.214.67.134,Republic of Korea,6.0,true,158.0,e12e9facf7,1
119.223.103.121,Republic of Korea,5.0,true,124.0,86656b108e,1
119.23.143.172,China,7.0,true,56.0,b010bafd21,1
119.51.144.149,China,6.0,false,79.0,9fa90fa7cb,1
119.54.49.198,China,7.0,false,68.0,730670f2a2,1
119.76.146.107,Thailand,10.0,false,95.0,d05086311b,1
119.87.192.1,China,3.0,false,74.0,f2c3bb35ae,1
119.89.155.130,China,5.0,false,94.0,69f8068d00,1
119.97.141.46,China,6.0,true,91.0,9e03facac9,1
120.121.163.111,Taiwan,6.0,false,180.0,ed2fc377e1,1
120.199.23.243,China,5.0,true,157.0,9d9f33449b,1
120.202.141.95,China,5.0,true,154.0,20aa7982cf,1
120.230.183.220,China,5.0,false,106.0,549b002c71,1
120.252.124.180,China,8.0,false,110.0,afd21baf8d,1
120.38.167.44,China,6.0,true,65.0,26fe0b7006,1
120.5.221.114,China,6.0,false,108.0,517c485235,1
120.63.248.199,India,10.0,false,68.0,bd560c1f06,1
120.75.175.226,Japan,6.0,false,179.0,a505eb5222,1
121.140.65.28,Republic of Korea,5.0,false,182.0,40e9736f51,1
121.147.191.99,Republic of Korea,9.0,false,176.0,daacbf0ab1,1
121.177.83.100,Republic of Korea,5.0,false,143.0,7e77a82ca2,1
121.199.108.103,China,2.0,true,92.0,2a9e952559,1
121.216.94.70,Australia,7.0,false,214.0,cdb2dca4c8,1
121.238.233.170,China,8.0,false,85.0,6c81aa2e1d,1
121.26.188.58,China,11.0,true,166.0,547d3fbd12,1
121.33.82.213,China,6.0,true,68.0,5d065a3d39,1
121.34.125.197,China,6.0,false,79.0,0e9b252907,1
121.78.166.164,Republic of Korea,8.0,false,157.0,35855e196e,1
122.108.63.44,Australia,5.0,true,261.0,3ef0be0b36,1
122.155.185.248,Thailand,3.0,false,94.0,f57f79cd3c,1
122.238.173.60,China,10.0,true,66.0,598918694,1
122.45.202.213,Republic of Korea,6.0,false,200.0,c7331421cf,1
122.71.150.143,China,6.0,false,62.0,d164c94ced,1
122.92.217.138,China,11.0,false,79.0,418941b5ce,1
123.108.177.2,Republic of Korea,6.0,false,180.0,41d5e6d412,1
123.125.7.133,China,6.0,false,61.0,ba85c6a651,1
123.162.178.115,China,4.0,true,72.0,7691959662,1
123.18.34.178,Vietnam,7.0,false,50.0,4007597b86,1
123.188.91.2,China,2.0,false,68.0,67ac917e26,1
123.216.253.25,Japan,3.0,false,327.0,0be00adb07,1
123.47.72.198,Republic of Korea,6.0,true,120.0,c1a061b1f0,1
123.8.7.249,China,10.0,false,95.0,21563d21c3,1
123.86.235.91,China,5.0,false,101.0,0bd802b9b1,1
124.155.201.133,Singapore,3.0,true,183.0,e5946d9633,1
124.163.94.169,China,9.0,false,84.0,69606df9fd,1
124.201.51.51,China,6.0,false,76.0,1488190b96,1
124.216.254.236,Republic of Korea,6.0,true,110.0,77be8ebbb7,1
124.28.14.160,Republic of Korea,5.0,false,169.0,385c114405,1
125.10.102.148,Japan,5.0,false,152.0,431adcf0c8,1
125.114.150.186,NA,5.0,false,82.0,053fb184b3,1
125.153.216.181,Republic of Korea,3.0,true,149.0,f2888869b8,1
125.187.156.251,Republic of Korea,6.0,false,130.0,430dc0ff05,1
125.223.3.25,China,5.0,false,147.0,3c44db3170,1
125.23.173.1,India,8.0,false,47.0,65dae127eb,1
125.254.161.160,China,3.0,false,64.0,d704a71588,1
125.38.41.74,China,5.0,true,75.0,c3bdaa3612,1
125.70.45.47,China,5.0,false,98.0,8e7b380b9a,1
126.102.66.137,Japan,5.0,true,192.0,0f7e0013d6,1
126.11.169.188,NA,3.0,false,159.0,9536b81985,1
126.111.137.223,Japan,5.0,false,263.0,205c3608ec,1
126.116.249.142,Japan,10.0,false,172.0,356c129efb,1
126.137.36.96,Japan,8.0,false,178.0,415461b8f2,1
126.149.86.39,Japan,1.0,true,110.0,3e40f19dff,1
126.194.5.254,Japan,5.0,true,154.0,79cf83d15d,1
126.204.225.103,Japan,6.0,false,185.0,a899d8679b,1
126.35.36.243,Japan,8.0,true,144.0,9d92c51661,1
126.47.53.176,Japan,8.0,false,263.0,c2ec08901c,1
126.62.151.81,Japan,6.0,false,208.0,fd18eeafe0,1
126.64.123.72,Japan,3.0,false,149.0,cd6ca6662c,1
126.75.231.26,Japan,6.0,false,251.0,bac19db47e,1
126.95.227.212,Japan,3.0,true,114.0,5810a2cee0,1
128.114.166.11,United States,8.0,false,289.0,3de241ba24,1
128.119.70.232,United States,4.0,false,216.0,5423aba91d,1
128.12.53.48,United States,3.0,false,207.0,e1d603f3b0,1
128.125.145.228,United States,5.0,false,243.0,966ce26046,1
128.126.115.178,United States,10.0,true,147.0,d040c2c184,1
128.128.187.195,United States,5.0,true,171.0,6b10937d48,1
128.188.5.233,United States,6.0,true,179.0,006f38d041,1
128.197.120.251,United States,7.0,false,224.0,893386988,1
128.91.11.175,United States,5.0,true,238.0,b4d9e1c88f,1
129.106.63.23,United States,6.0,false,187.0,8102b6b81d,1
129.162.185.74,United States,7.0,true,269.0,4e3e4dc9d4,1
129.176.101.128,United States,9.0,false,234.0,695dc4462d,1
129.213.169.183,United States,6.0,false,182.0,6bac869189,1
129.247.120.55,Germany,5.0,false,200.0,9dd3d686cc,1
129.52.93.114,United States,5.0,false,191.0,77e9516595,1
129.57.115.41,United States,3.0,false,171.0,5cacc28c52,1
129.61.247.98,United States,9.0,true,274.0,0d2d01f3ba,1
129.80.224.159,United States,6.0,false,205.0,69a3e358e7,1
130.115.91.23,Netherlands,6.0,false,156.0,67890e48cf,1
130.137.58.36,United States,7.0,false,189.0,beaff86d70,1
130.14.96.17,United States,6.0,true,194.0,7a8bd9b56b,1
130.154.117.65,United States,10.0,false,167.0,8009d3776c,1
130.155.124.241,Australia,9.0,false,140.0,593ee1ae3b,1
130.160.173.182,United States,6.0,false,200.0,7595d6d9bf,1
130.165.163.173,United States,6.0,false,224.0,bf2c2f7737,1
130.179.226.215,Canada,5.0,false,190.0,6430f52dd4,1
130.191.173.81,United States,11.0,false,291.0,2a07624fe3,1
130.224.218.236,United States,8.0,false,192.0,8761c16eae,1
130.65.84.126,United States,3.0,false,140.0,4778aa49d9,1
130.82.118.177,Switzerland,9.0,false,126.0,79a42b82c8,1
130.83.187.18,Germany,5.0,false,328.0,3861f703e0,1
131.189.211.225,United States,2.0,false,181.0,31d172eaaa,1
131.219.108.34,United States,6.0,false,278.0,ddb760cf17,1
131.226.20.26,United States,9.0,false,157.0,023a83c702,1
131.31.61.19,United States,5.0,false,184.0,e506c0e85c,1
131.45.117.22,United States,3.0,true,162.0,a5f7d3d183,1
131.80.70.25,United States,5.0,false,273.0,107de56604,1
132.152.83.110,United States,5.0,false,184.0,dd645869cb,1
132.162.238.59,United States,6.0,false,215.0,d8a0587fdc,1
132.201.54.241,United States,4.0,true,197.0,9ca0341387,1
132.229.163.40,Netherlands,3.0,false,106.0,ba54d5e41f,1
132.230.73.211,Germany,6.0,false,196.0,72186b695d,1
132.67.166.110,Israel,5.0,true,134.0,f83be15cff,1
132.85.192.207,United States,5.0,false,223.0,cb559d2370,1
133.132.149.24,Japan,2.0,true,146.0,91fab1c66a,1
133.136.20.15,Japan,8.0,false,143.0,546f62e919,1
133.57.155.219,Japan,6.0,false,221.0,2f96c20720,1
133.62.245.176,Japan,7.0,false,133.0,0f555b670a,1
133.71.112.205,Japan,8.0,false,203.0,cd61dd451c,1
133.89.251.42,Japan,7.0,false,206.0,2d356282ac,1
134.14.6.225,United States,3.0,false,196.0,89e5f710a8,1
134.146.211.158,Netherlands,5.0,false,178.0,dbac5f77b2,1
134.166.203.45,United States,7.0,false,193.0,55b8f19fe0,1
134.199.5.27,Canada,9.0,false,202.0,c56aade8b5,1
134.208.33.52,Taiwan,8.0,false,141.0,1d0f03c9a8,1
134.210.124.110,United States,7.0,false,188.0,68f63a67fc,1
134.234.203.117,United States,5.0,true,99.0,11e6c07686,1
134.36.31.22,United Kingdom,6.0,false,141.0,fdeea993a4,1
134.62.227.111,United States,5.0,false,267.0,ca91c3c9aa,1
134.99.178.1,Germany,3.0,false,170.0,6b82183069,1
135.12.169.238,Canada,3.0,false,156.0,4cc1c8d8f1,1
135.146.226.209,United States,8.0,false,257.0,6394f2daf9,1
135.160.231.26,United States,6.0,true,227.0,5e8c48b34a,1
135.199.169.170,United States,10.0,false,219.0,6cd5a4cf8c,1
135.2.35.163,France,5.0,false,206.0,cceb96fc9a,1
135.233.19.66,France,4.0,false,232.0,f0db48f7d5,1
135.58.23.153,United States,4.0,false,66.0,a103f52381,1
135.83.243.16,United States,8.0,false,243.0,04d7ee5b01,1
136.151.241.153,United States,6.0,true,214.0,0869eedb20,1
136.28.112.109,United States,6.0,true,169.0,39615a4334,1
136.62.59.126,United States,9.0,false,237.0,1778fd9a59,1
136.83.100.44,United States,7.0,false,204.0,6674e4d272,1
137.11.237.187,United States,4.0,true,223.0,a10aaf69ad,1
137.151.61.100,United States,10.0,false,183.0,056c50fcac,1
137.203.101.105,United States,3.0,false,188.0,645bb9a69f,1
137.25.214.173,United States,9.0,false,172.0,0b76b5e9c4,1
137.39.106.14,United States,3.0,false,228.0,ecfa1d88c1,1
137.4.47.173,United States,4.0,false,178.0,66035c86de,1
137.7.72.155,United States,4.0,false,261.0,65a6491585,1
137.79.147.188,United States,10.0,false,155.0,4db1939276,1
137.97.55.28,Singapore,11.0,false,173.0,b043ee19a3,1
138.173.126.187,United States,9.0,false,190.0,fa60181bf8,1
138.207.243.141,United States,6.0,false,219.0,dd3878114b,1
138.242.146.126,United States,5.0,true,141.0,55c88d0b63,1
138.243.139.220,Japan,7.0,false,120.0,5ef33ff24b,1
138.67.137.244,United States,7.0,false,215.0,245612fc31,1
138.80.179.222,Australia,7.0,false,205.0,1bf59e78aa,1
139.131.71.192,United States,4.0,true,149.0,d0d3b106b8,1
139.171.198.229,United States,3.0,false,171.0,5fe3da277f,1
139.178.209.104,Netherlands,7.0,false,153.0,a9321e0eea,1
139.236.187.31,United States,6.0,false,197.0,1025a22bb5,1
139.27.57.125,Germany,8.0,true,151.0,ba5d98032b,1
139.38.174.235,United States,5.0,true,145.0,9ff3e297cf,1
139.50.164.56,Germany,4.0,false,136.0,446577314c,1
139.63.2.195,Netherlands,9.0,true,137.0,a0453674f9,1
139.66.16.22,Finland,7.0,false,158.0,5c571e713e,1
139.81.207.115,United States,7.0,false,214.0,4d76395c94,1
139.83.13.254,Portugal,6.0,false,138.0,a63af58d4d,1
140.116.229.197,Taiwan,6.0,false,217.0,a0d2ea8d1a,1
140.133.29.117,Taiwan,2.0,false,257.0,3101d7b32b,1
140.138.46.50,Taiwan,7.0,false,201.0,eefabd8aa1,1
140.141.179.42,United States,6.0,false,335.0,0f712b86ee,1
140.143.211.80,China,5.0,false,94.0,4ed6330908,1
140.173.13.53,United States,9.0,false,161.0,e0aaac69a5,1
140.91.205.126,United States,7.0,false,244.0,8f6ea0b8e2,1
140.99.153.130,United States,3.0,true,141.0,f7079270c3,1
141.112.9.167,United States,5.0,false,216.0,b9c52add6d,1
141.119.210.91,Canada,4.0,true,131.0,8ca0d8250f,1
141.125.226.56,United States,5.0,false,297.0,5ed8d69045,1
141.131.170.13,United States,9.0,true,295.0,58df43b883,1
141.139.195.85,United States,7.0,false,268.0,31eab9adcc,1
141.139.242.223,United States,6.0,false,182.0,d10bd18f2b,1
141.156.246.226,United States,5.0,false,285.0,579d602c1e,1
141.183.54.13,United States,3.0,true,238.0,9999b18039,1
141.224.1.127,United States,9.0,false,310.0,ab9229a43b,1
141.238.135.79,United States,5.0,false,239.0,5f13b009ea,1
141.247.178.109,United States,6.0,false,211.0,486f10053a,1
142.119.222.99,Canada,2.0,false,276.0,3cdba31d7f,1
142.121.151.136,Canada,8.0,true,160.0,b50d7b84d5,1
142.124.56.30,Canada,7.0,true,120.0,6f7358a0d3,1
142.126.159.113,Canada,4.0,false,240.0,37f3ca9e0b,1
142.171.148.163,Canada,4.0,true,160.0,7a50de9740,1
142.198.88.88,Canada,8.0,false,138.0,a70d54d686,1
142.20.102.41,Canada,6.0,false,178.0,e60cc53f84,1
142.49.194.234,Canada,4.0,false,138.0,757b754442,1
142.64.86.126,Canada,9.0,false,52.0,d518cbc685,1
142.66.195.102,Canada,7.0,false,234.0,04cfe8e13e,1
142.76.23.206,Canada,3.0,false,158.0,e866ee5d33,1
142.77.144.208,United States,10.0,false,188.0,7915233554,1
142.81.140.223,Canada,3.0,false,142.0,aed1f7bf9a,1
142.93.200.156,Canada,5.0,false,255.0,e55c1dc817,1
143.131.85.209,United States,4.0,false,225.0,73c0ca3b6a,1
143.140.180.78,United States,6.0,false,186.0,445a11e5d8,1
143.182.150.106,United States,7.0,false,228.0,4b7ecce724,1
143.218.198.34,Australia,6.0,true,187.0,83ae4aae87,1
143.228.244.212,United States,5.0,true,229.0,19761b3f09,1
143.40.7.205,United States,5.0,false,238.0,098c22863d,1
143.66.254.8,United States,5.0,true,163.0,60f049b742,1
144.104.198.67,United States,5.0,false,329.0,f4c095c09e,1
144.106.83.88,United States,9.0,true,169.0,02674ff8e1,1
144.111.106.172,United States,6.0,false,237.0,acd6fe20ea,1
144.126.99.141,United States,1.0,true,134.0,4133c241e8,1
144.14.184.159,United States,6.0,false,194.0,b02ed1dd58,1
144.189.55.192,United States,4.0,true,84.0,00ed7e4343,1
144.192.231.57,United States,5.0,false,252.0,75f8b03c4a,1
144.254.156.252,United States,7.0,false,290.0,e891c7d5f5,1
144.30.13.167,United States,8.0,true,142.0,bc58648c96,1
144.65.32.186,Austria,5.0,false,148.0,18817785f8,1
145.205.108.243,Netherlands,5.0,true,125.0,122f83db25,1
145.23.30.103,Netherlands,8.0,false,188.0,0097d4d6d6,1
145.23.54.166,Netherlands,9.0,false,248.0,a6465322b1,1
145.243.50.224,Germany,8.0,false,273.0,6b2731f28a,1
145.36.88.76,NA,3.0,false,220.0,674f74d78d,1
145.54.226.180,Netherlands,1.0,false,134.0,06b407a8b2,1
145.75.182.152,Netherlands,2.0,true,254.0,2765ebf2c0,1
146.100.118.136,Italy,6.0,true,120.0,2e8457587c,1
146.138.169.194,United States,4.0,false,237.0,50394ee21c,1
146.138.200.122,United States,9.0,false,197.0,51fe1f9b46,1
146.165.233.174,United States,7.0,false,205.0,55c8098295,1
146.219.48.51,Spain,7.0,false,169.0,7f972f3477,1
146.222.212.235,United States,5.0,false,173.0,69a99cce8d,1
146.222.247.210,United States,9.0,false,159.0,bdae458167,1
146.227.187.102,United Kingdom,7.0,false,233.0,d0dd552eb4,1
146.57.9.183,United States,1.0,true,173.0,89edc6a09d,1
146.84.178.107,United States,5.0,false,272.0,08b48fcdfa,1
147.101.193.172,United States,10.0,false,228.0,c88259e4ca,1
147.157.171.46,Japan,7.0,false,226.0,2e3e0573cb,1
147.203.14.55,United States,5.0,false,153.0,0a5a10a7e8,1
147.221.252.57,United States,9.0,true,185.0,e541f22fdd,1
147.226.30.158,United States,3.0,false,246.0,e9a974efcf,1
147.241.131.189,United States,6.0,false,258.0,e6d700d108,1
147.28.51.64,United States,11.0,false,197.0,ee1f58d0e9,1
147.30.207.130,Kazakhstan,4.0,false,85.0,d741c7c1ce,1
147.40.165.149,United States,2.0,false,154.0,328a91ec1c,1
147.48.93.80,United States,6.0,true,171.0,9d985a793b,1
147.74.55.209,United States,7.0,false,140.0,cfb6eb2fd0,1
147.82.123.18,United States,2.0,false,204.0,ffbcdd52c4,1
147.83.222.235,Spain,8.0,true,174.0,ff4830a5c0,1
147.88.3.112,Switzerland,7.0,false,202.0,99a5dbbdce,1
148.125.157.186,United States,5.0,false,314.0,5d065a3d39,1
148.128.249.168,United States,3.0,false,211.0,bafc620d12,1
148.187.98.249,Switzerland,4.0,false,226.0,f7b5524dec,1
148.205.124.44,Mexico,7.0,false,128.0,597b1cd348,1
148.240.9.10,Mexico,3.0,false,94.0,4eb6451dd6,1
148.44.65.217,United States,6.0,true,187.0,232a2e5a48,1
148.45.61.146,United States,7.0,false,227.0,fa4801c2e4,1
149.107.22.47,United States,6.0,true,203.0,32eea8e4b2,1
149.109.21.49,United States,8.0,true,145.0,cd28465799,1
149.118.102.11,United States,9.0,true,223.0,813d34b790,1
149.133.120.28,Switzerland,8.0,false,168.0,c5eae909d0,1
149.138.141.159,United States,5.0,true,240.0,05610151d0,1
149.154.50.105,United States,9.0,false,281.0,b596a54487,1
149.160.209.78,United States,4.0,true,146.0,989e8aa481,1
149.168.63.128,United States,8.0,true,167.0,aeea9ba5f0,1
149.170.190.137,United Kingdom,6.0,false,193.0,3b3092c437,1
149.174.40.89,United States,5.0,false,163.0,ebb096c7f4,1
149.235.46.115,Germany,5.0,true,178.0,72f21434f6,1
149.40.212.240,United States,5.0,false,243.0,66bdb62382,1
149.48.233.243,United States,4.0,false,208.0,7b3bda009a,1
149.56.123.229,United States,5.0,true,260.0,11baa622bf,1
150.149.85.244,United States,11.0,false,176.0,66e76bfc8c,1
150.16.66.191,Japan,6.0,false,221.0,f3b85f9f91,1
150.196.71.30,United States,6.0,true,166.0,1fe272beb6,1
150.232.21.249,United States,6.0,false,167.0,8c4df073d7,1
150.239.185.212,United States,6.0,false,248.0,8a4eee18e6,1
150.27.220.119,Japan,7.0,false,167.0,a198b99ec3,1
150.4.46.227,Japan,5.0,true,277.0,df17fe874c,1
150.78.221.53,Japan,5.0,false,142.0,1082d3cf24,1
151.12.57.17,Italy,6.0,false,186.0,3feb33e07f,1
151.177.253.50,Sweden,7.0,false,253.0,23021cdcfb,1
151.213.200.125,United States,4.0,false,201.0,95fe33e03b,1
151.23.199.13,Italy,6.0,false,227.0,44a47f6891,1
151.231.194.178,United Kingdom,5.0,false,237.0,60fa4a67bb,1
151.234.197.40,Iran,6.0,false,115.0,a9bf8a2261,1
151.45.126.172,Italy,6.0,true,156.0,41e7f45a33,1
151.6.115.61,Italy,7.0,false,240.0,8357df6479,1
151.82.167.113,Italy,6.0,false,257.0,f0785fef41,1
152.106.45.176,South Africa,6.0,false,79.0,e1e28d09a1,1
152.113.15.87,United States,6.0,false,250.0,42ef26007e,1
152.128.216.39,United States,5.0,false,170.0,815da1572c,1
152.132.34.157,United States,9.0,false,234.0,04d1d15ceb,1
152.176.161.93,United States,8.0,false,212.0,af2a9e25e9,1
152.176.84.146,United States,4.0,false,168.0,99c05f115c,1
152.192.132.1,United States,5.0,false,253.0,3ba6ecfa18,1
152.222.53.163,United States,7.0,true,172.0,96b7d51512,1
152.226.162.30,Singapore,5.0,false,143.0,2166305f8f,1
152.72.72.37,United States,3.0,false,154.0,9f69a10101,1
152.80.16.30,United States,3.0,false,268.0,793fde23ec,1
152.86.63.45,United States,9.0,true,177.0,0dbb4cef45,1
153.117.254.8,United States,3.0,false,218.0,be7779969c,1
153.121.143.226,Japan,5.0,false,138.0,751a86b07d,1
153.174.23.108,Japan,9.0,false,186.0,82fc5703e9,1
153.19.163.214,Poland,8.0,false,128.0,abe9900db1,1
153.200.117.49,Japan,11.0,false,132.0,4375e4444b,1
153.217.103.163,Japan,6.0,false,226.0,4c70173c30,1
153.5.135.61,Slovenia,5.0,false,227.0,b9eee25079,1
153.51.220.92,United States,4.0,false,277.0,432ceb74bf,1
154.12.65.253,United States,11.0,false,244.0,541a3f8f1f,1
154.89.124.78,Seychelles,3.0,false,136.0,5c1a5f45e4,1
154.94.166.246,Seychelles,4.0,true,102.0,05687a883e,1
155.143.108.51,Australia,6.0,false,163.0,ae967cdcb9,1
155.143.46.123,Australia,7.0,true,131.0,915ba9fd92,1
155.158.170.54,Poland,9.0,false,130.0,6f282e1989,1
155.178.62.167,United States,5.0,false,268.0,6ffc3ea2ef,1
155.184.144.45,United States,8.0,true,182.0,323f3713ab,1
155.194.116.33,Canada,5.0,false,172.0,686fe139d1,1
155.220.160.115,United States,2.0,false,205.0,bc223be1a1,1
155.23.104.248,United States,8.0,false,286.0,9d09f34835,1
155.233.35.74,South Africa,5.0,true,97.0,e9e775dab9,1
155.248.30.10,United States,3.0,true,146.0,227548a155,1
155.252.72.17,United States,4.0,false,179.0,160a25ec85,1
155.64.249.31,United States,3.0,false,152.0,cdc2ee9e86,1
156.118.76.38,France,8.0,false,157.0,e90013eae9,1
156.129.250.144,United States,6.0,false,43.0,d3c9c8ef83,1
156.27.191.13,United States,7.0,false,224.0,932abaf318,1
156.33.125.64,United States,6.0,true,215.0,bff906e289,1
157.114.35.57,Japan,8.0,false,219.0,b6e70b52f4,1
157.210.179.28,United States,1.0,true,158.0,693e9503d8,1
157.237.17.162,Norway,3.0,false,281.0,66ebffc91b,1
157.246.215.98,United States,6.0,false,179.0,7924aaf10b,1
157.35.46.216,Indonesia,6.0,false,89.0,bbf6f54cc3,1
157.60.22.40,United States,5.0,false,284.0,12f391efae,1
157.62.62.123,United States,3.0,false,180.0,41271d76a4,1
157.96.38.22,United Kingdom,4.0,false,163.0,4cc25b3a5e,1
158.10.195.201,United States,4.0,false,211.0,18a9a13f01,1
158.189.23.166,United States,11.0,true,199.0,634dce082c,1
158.24.195.243,United States,5.0,false,233.0,350817f62e,1
158.46.249.62,Russia,11.0,true,185.0,3f156fc5af,1
159.122.116.179,Germany,1.0,false,196.0,15bb1710fd,1
159.128.242.171,Canada,9.0,false,209.0,11630269ac,1
159.148.178.28,Latvia,4.0,false,150.0,4064e07430,1
159.164.147.44,United States,6.0,false,181.0,74f4ca7439,1
159.166.132.39,United States,8.0,false,263.0,89e41b44dd,1
159.169.70.16,United States,6.0,false,138.0,6c566d73fe,1
159.235.212.130,United States,6.0,true,152.0,dfa560d866,1
159.238.91.185,United States,5.0,false,173.0,e8b80ac59a,2
159.44.203.57,United States,6.0,false,153.0,adebaac1b9,1
159.72.48.57,Sweden,4.0,false,248.0,5173e65f35,1
159.73.237.113,Australia,4.0,false,146.0,13effa6b17,1
160.144.13.45,United States,3.0,true,151.0,ede6886d1b,1
160.144.33.163,United States,7.0,false,188.0,a65552c591,1
160.15.8.8,Japan,1.0,false,120.0,e0e483785a,1
160.194.55.38,Japan,9.0,false,222.0,830801ec1c,1
160.202.39.45,Japan,3.0,true,143.0,f4f5b72184,1
160.22.241.40,Japan,3.0,false,235.0,f1094c9374,1
160.232.226.238,United States,3.0,false,182.0,0b5e6be33c,1
160.239.57.41,Japan,3.0,true,133.0,4ebe5a5ccb,1
160.79.94.199,United States,4.0,false,182.0,bd712dda85,1
161.134.41.35,United States,9.0,false,314.0,7edb5ba103,1
161.206.119.165,United States,4.0,false,224.0,90ce97c414,1
161.206.54.133,United States,4.0,false,166.0,1249aefdbd,1
161.221.96.94,United States,6.0,false,271.0,6a00ac1e69,1
161.26.94.246,United States,7.0,false,224.0,975357dcd8,1
161.83.209.243,Netherlands,5.0,false,277.0,27f2aa7941,1
161.90.208.163,Netherlands,3.0,false,156.0,2c2c6f89ca,1
162.133.9.200,United States,4.0,true,179.0,b7e5358dc2,1
162.137.141.185,United States,3.0,false,226.0,f20e3a5c13,1
162.169.170.32,United States,6.0,false,237.0,ee3c76a1e7,1
162.189.61.228,United States,4.0,false,187.0,b2df87c1fd,1
162.19.65.27,United States,6.0,false,221.0,4e17c29e78,1
162.196.183.239,United States,2.0,true,137.0,c08b455ce9,1
162.197.206.95,United States,8.0,false,218.0,38f47881f9,1
162.217.98.118,United States,7.0,true,196.0,e7eb3cdcc1,1
162.218.199.134,United States,6.0,false,290.0,99113b8d89,1
162.238.202.248,United States,7.0,false,279.0,466ab8d4bf,1
162.33.217.189,United States,7.0,false,193.0,ddc40cb99a,1
162.6.186.4,United States,6.0,true,156.0,fe3f95d809,1
163.108.41.246,France,4.0,false,171.0,b636c74c3d,1
163.120.166.43,United States,6.0,false,324.0,4c3caccaf0,1
163.145.159.40,Japan,5.0,false,172.0,9933caeefb,1
163.154.251.161,United States,10.0,true,105.0,e5c9d96fd4,1
163.171.91.161,United Kingdom,3.0,false,159.0,85b0aa1a09,1
163.252.222.33,United States,7.0,false,159.0,19ee04bb3f,1
163.48.248.186,Japan,5.0,false,261.0,0d1af4a7f1,1
163.92.106.119,France,5.0,false,137.0,76c9372e1d,1
163.96.27.86,France,3.0,true,235.0,3331df5968,1
164.154.138.179,United States,5.0,false,317.0,3a23bc2b6b,1
164.181.226.220,United States,5.0,false,179.0,7a06c9dc21,1
164.211.140.76,United States,4.0,true,182.0,22adefaa98,1
164.220.71.249,United States,1.0,false,161.0,68a918123a,1
164.224.78.151,United States,8.0,false,187.0,27dff0e43f,1
164.49.28.199,United States,5.0,false,179.0,f75dc20966,1
165.13.44.56,United States,5.0,true,156.0,ee5a185c69,1
165.130.1.177,United States,7.0,false,210.0,d5d026a21d,1
165.151.127.2,United States,3.0,false,248.0,5f3e50bafa,1
165.208.235.92,United States,2.0,false,182.0,ef25085dad,1
165.241.32.236,Japan,4.0,false,183.0,8eabb8c9a9,1
165.250.205.71,United States,6.0,true,159.0,3fff52f2a3,1
165.34.216.120,United States,1.0,false,144.0,1c32854ee9,1
165.39.78.150,United States,5.0,false,227.0,1da945dcc4,1
165.40.202.83,United States,3.0,false,193.0,89e86b2fb6,1
165.85.68.27,United States,3.0,false,207.0,ca2ee3d354,1
166.1.157.103,United States,3.0,false,243.0,a063ced0f4,1
166.107.115.143,United States,10.0,false,154.0,b7213761c2,1
166.122.83.236,United States,5.0,true,166.0,cb30e92b78,1
166.123.89.26,United States,4.0,false,178.0,995980b818,1
166.135.174.228,United States,5.0,false,216.0,fd8d92ba2f,1
166.166.11.232,United States,3.0,false,154.0,27f9d2d175,1
166.175.190.187,United States,4.0,false,242.0,114956d808,1
166.182.241.45,United States,3.0,false,233.0,37f80560bd,1
166.220.66.133,United States,3.0,true,167.0,36051356aa,1
166.223.210.187,United States,4.0,false,269.0,44a62eec93,1
166.251.62.62,United States,4.0,true,147.0,8f99c531cb,1
166.48.40.68,Canada,5.0,false,256.0,94dd8d0fd3,1
166.73.124.165,United States,5.0,false,243.0,4f006881a8,1
166.74.15.147,United States,10.0,true,173.0,47605f4ca7,1
167.12.163.7,United States,2.0,true,194.0,3704ae9ac4,1
167.128.167.96,United States,3.0,false,346.0,5a01284856,1
167.179.244.141,New Zealand,4.0,false,191.0,8b3e0931a5,1
167.233.169.26,United States,3.0,false,200.0,58a01ebf14,1
167.26.17.73,United States,7.0,false,247.0,4e25b2aa58,1
167.94.148.142,United States,7.0,false,154.0,7ae38eb57d,1
168.147.74.135,United States,6.0,true,246.0,28b993282c,1
168.185.104.44,United States,6.0,false,153.0,00129f7328,1
168.50.160.234,United States,5.0,false,226.0,8353499a2e,1
168.51.133.74,United States,3.0,false,174.0,65c4a18d06,1
168.56.205.86,United States,3.0,false,292.0,f8f9ef8114,1
168.82.142.50,United States,5.0,false,213.0,dc3ada1c3b,1
168.86.89.160,United States,8.0,true,210.0,9fb1f1edef,1
168.91.57.128,United States,8.0,false,209.0,be0c9e0f20,1
169.114.53.67,United States,9.0,false,237.0,3041e54c30,1
169.137.57.71,United States,6.0,true,303.0,7fb566bb70,1
169.153.41.79,United States,3.0,true,162.0,6754389c3f,1
169.157.202.142,United States,7.0,true,167.0,2e3e0573cb,1
169.177.55.238,United States,3.0,true,167.0,6f9438d96a,1
169.214.219.153,Republic of Korea,6.0,false,165.0,1708287c29,1
169.229.176.213,United States,4.0,false,279.0,103e39e107,1
169.90.61.162,United States,4.0,false,233.0,c45eee0904,1
170.127.220.136,United States,4.0,false,306.0,1d6c3607e9,1
170.142.133.129,United States,5.0,false,257.0,31620557cb,1
170.15.156.140,United States,3.0,true,278.0,65d76c2553,1
170.240.109.35,United States,5.0,false,178.0,541342673b,1
170.69.176.71,United States,5.0,false,266.0,6cb11396d5,1
171.121.154.12,China,3.0,false,96.0,13487bb8ea,1
171.126.140.89,China,1.0E-7,false,104.0,c876960647,1
171.143.240.63,United States,5.0,false,158.0,fb47a60b6a,1
171.144.51.20,United States,4.0,true,159.0,81db2ad0b7,1
171.147.205.185,United States,5.0,true,163.0,1f324e0618,1
171.174.140.83,United States,4.0,false,161.0,709775acb6,1
171.19.149.68,Hungary,9.0,false,160.0,6d1b32ae81,1
171.193.206.180,United States,5.0,false,186.0,f844850ffd,1
171.225.243.154,Vietnam,4.0,false,56.0,df029ded60,1
171.247.62.91,Vietnam,3.0,false,70.0,85f9b8ca55,1
171.32.132.215,Sweden,8.0,false,184.0,e7d26e19a3,1
171.42.207.47,China,7.0,false,102.0,8922085b09,1
171.5.213.108,Thailand,8.0,false,107.0,3fbee14226,1
171.79.76.247,India,5.0,true,45.0,e726e61acb,1
171.80.1.213,China,6.0,true,71.0,7bd39a6e32,1
171.81.6.121,China,4.0,false,82.0,5.5219263E+09,1
172.13.113.74,United States,8.0,true,145.0,91d0c3bfb0,1
172.140.78.78,United States,4.0,true,206.0,f158db3351,1
172.153.112.205,United States,7.0,false,279.0,d69fdf76c1,1
172.196.61.171,Australia,6.0,false,187.0,72f5379cc1,1
172.222.211.24,United States,3.0,false,230.0,110d52e908,1
172.224.207.159,United States,8.0,false,237.0,0718bd3f8c,1
172.231.76.79,United States,2.0,false,177.0,d42d28d49e,1
172.237.233.144,United States,3.0,false,140.0,f5cb3bb7b9,1
172.251.23.105,United States,4.0,false,209.0,0721f87606,1
172.48.147.205,United States,5.0,true,163.0,0cd1231ea3,1
173.176.63.15,Canada,2.0,false,223.0,f1eba978f8,1
173.237.215.175,Canada,10.0,true,202.0,f8616e0e15,1
173.60.93.182,United States,10.0,false,209.0,0b2c5ab0e8,1
174.1.96.166,Canada,7.0,true,163.0,0a537348c4,1
174.100.207.210,United States,3.0,false,172.0,b2b7a8ddc7,1
174.117.72.100,Canada,7.0,false,205.0,48fe4e9227,1
174.148.154.35,United States,8.0,true,178.0,4be4eef39b,1
174.189.133.79,United States,7.0,false,270.0,14419359b1,1
174.56.230.90,United States,2.0,false,180.0,45d10f14da,1
174.7.25.208,Canada,1.0,true,144.0,fa3b892c2c,1
175.135.13.136,Japan,4.0,false,260.0,3827c1c226,1
175.14.213.238,China,9.0,false,86.0,8c93664084,1
175.168.93.47,China,9.0,false,77.0,eef3b7f9ce,1
175.174.227.189,China,7.0,true,93.0,4bb7436cea,1
175.186.72.11,China,4.0,true,71.0,dc2af1c665,1
175.201.65.123,Republic of Korea,5.0,false,187.0,e543329e4e,1
175.211.139.184,Republic of Korea,5.0,true,111.0,676f462902,1
175.215.22.80,Republic of Korea,6.0,true,118.0,2dd422dbea,1
175.250.162.187,Republic of Korea,9.0,false,142.0,d55a593b26,1
175.253.207.132,Republic of Korea,7.0,false,133.0,9e2b22092c,1
175.3.30.142,China,3.0,false,96.0,725213f01b,1
175.37.226.194,Australia,5.0,false,184.0,8e4d576e81,1
175.42.244.106,China,3.0,false,76.0,cb20782090,1
175.61.216.123,China,1.0,false,67.0,f4c5cf35e0,1
176.1.122.102,Germany,7.0,false,229.0,3a978c22f8,1
176.105.5.227,Ukraine,7.0,true,66.0,cedd02ac8d,1
176.143.17.29,France,9.0,false,213.0,14d2155a1a,1
176.163.236.44,France,5.0,false,187.0,0d1ba9bcf2,1
176.172.152.85,France,6.0,false,166.0,04f0d48f6c,1
176.48.226.152,Russia,6.0,true,94.0,97655071b6,1
176.88.182.72,Turkey,6.0,false,102.0,0a1ba86f5c,1
176.91.240.55,Turkey,9.0,false,116.0,2fac16fe24,1
177.141.81.14,Brazil,6.0,false,111.0,a7608621a2,1
177.160.187.224,Brazil,7.0,true,80.0,7c51f8926f,1
177.167.36.226,Brazil,10.0,false,106.0,8ad2dc32f5,1
177.185.110.37,Brazil,5.0,false,121.0,fc81555cbd,1
177.189.213.56,Brazil,6.0,false,209.0,d0a04170ff,1
177.203.8.183,Brazil,8.0,false,97.0,ac6fcf34aa,1
177.225.11.210,Mexico,7.0,false,117.0,17fc10f555,1
177.38.44.110,Brazil,4.0,false,84.0,201e11bc43,1
178.101.215.114,United Kingdom,9.0,false,178.0,646f899afc,1
178.120.91.22,Belarus,8.0,false,150.0,7f1128f3b6,1
178.14.33.172,Germany,9.0,false,204.0,210354f1e6,1
178.17.127.42,Croatia,5.0,false,148.0,4f7b864e03,1
178.170.161.132,Russia,4.0,false,106.0,d09e98d677,1
178.187.134.181,Russia,4.0,false,162.0,257497812d,1
179.101.171.200,Brazil,2.0,false,90.0,5c44450577,1
179.172.112.36,Brazil,6.0,false,107.0,22366117c9,1
179.175.42.92,Brazil,5.0,false,91.0,ec369201dc,1
179.217.9.14,Brazil,8.0,true,249.0,b3820552b2,1
179.227.81.189,Brazil,9.0,false,85.0,039189f45f,1
179.96.105.180,Brazil,6.0,false,82.0,81c5175b79,1
180.126.14.188,China,9.0,false,107.0,c6c8645122,1
180.184.217.64,China,4.0,true,69.0,a9ee34bf27,1
180.210.14.74,Republic of Korea,6.0,false,201.0,7f04b64cf2,1
180.222.101.227,India,5.0,true,69.0,9d14401ecc,1
180.33.145.124,Japan,4.0,false,129.0,c8cf9481dd,1
180.34.142.148,Japan,3.0,false,231.0,728940ed0a,1
180.49.249.149,Japan,3.0,false,149.0,19f0070e0b,1
180.79.185.187,China,11.0,false,76.0,f0ad6c883d,1
181.104.56.196,Argentina,8.0,false,92.0,389e42af27,1
181.113.62.163,Ecuador,9.0,true,127.0,b4e03017c4,1
181.13.156.197,Argentina,6.0,false,203.0,6a12d7ebc2,1
181.142.244.63,Colombia,2.0,true,72.0,733fec87b4,1
181.169.119.192,Argentina,5.0,false,168.0,63775092f7,1
181.187.123.194,Venezuela,5.0,true,77.0,a94a580795,1
181.200.6.102,Chile,4.0,true,91.0,36b5dc3653,1
181.206.168.88,Colombia,11.0,false,89.0,eeeb585270,1
181.207.135.75,Colombia,4.0,false,179.0,ad44074b92,1
181.21.101.110,Argentina,6.0,false,104.0,f34023b1c9,1
181.251.124.83,Colombia,4.0,false,179.0,bebb1fb3b3,1
181.87.115.103,Argentina,4.0,true,91.0,594bc7b05a,1
181.88.125.210,Argentina,4.0,true,200.0,7b19ab521d,1
182.142.154.88,China,7.0,true,68.0,e2812781b1,1
182.158.56.239,Japan,7.0,false,145.0,59b33d5700,1
182.63.72.73,Malaysia,8.0,true,95.0,f6fa081cb9,1
183.11.134.183,China,9.0,false,109.0,361ebbeb96,1
183.11.234.73,China,3.0,true,61.0,11fa89a3c2,1
183.121.18.199,Republic of Korea,5.0,true,145.0,852dc0c3d6,1
183.154.6.201,China,5.0,true,110.0,9cf562336e,1
183.20.108.12,China,3.0,false,80.0,4637413f13,1
183.201.54.43,China,2.0,false,65.0,0b351505ff,1
183.206.15.210,China,7.0,false,69.0,2c26c3e104,1
183.217.242.127,China,4.0,true,68.0,11df5c1075,1
183.22.103.170,China,5.0,false,74.0,2e5841959e,1
183.22.24.140,China,3.0,true,157.0,61032d794b,1
183.64.180.62,China,10.0,false,94.0,2a885a71dd,1
183.96.77.240,Republic of Korea,4.0,false,118.0,4e747b341d,1
184.225.75.233,United States,8.0,true,142.0,6ceecbd829,1
184.246.109.24,United States,5.0,false,209.0,cff13931c7,1
184.37.234.188,United States,8.0,false,167.0,20cb17511c,1
184.98.215.172,United States,6.0,false,152.0,cdc2ee9e86,1
186.159.173.108,Costa Rica,5.0,false,198.0,0e529f6e4e,1
186.171.106.134,Colombia,3.0,true,206.0,fbdbc5a7ff,1
186.182.5.101,Argentina,9.0,false,96.0,5ca93a17f4,1
186.182.99.156,Argentina,5.0,false,91.0,1a2eadb9bc,1
186.55.100.224,Uruguay,8.0,false,106.0,2878ca3b3a,1
187.100.210.120,Brazil,5.0,false,82.0,99bbe7f253,1
187.197.62.162,Mexico,5.0,false,132.0,db2f8e8be9,1
187.210.4.130,Mexico,9.0,false,197.0,3a4a502830,1
187.225.13.6,Mexico,6.0,false,110.0,60c8e63200,1
187.27.135.147,Brazil,7.0,false,78.0,78a8f923e8,1
187.32.146.246,Brazil,8.0,false,81.0,d470dd8c23,1
188.130.246.124,Russia,5.0,false,158.0,895f047cd3,1
188.140.207.250,Oman,6.0,true,142.0,4dc5faa676,1
188.174.164.239,Germany,6.0,true,125.0,d83fbf426c,1
188.194.137.214,Germany,5.0,true,150.0,5674710215,1
188.2.189.192,Serbia,8.0,true,111.0,04e45f1b03,1
188.216.117.119,Italy,3.0,true,124.0,f237220d18,1
188.244.229.69,Russia,5.0,false,206.0,730dc7e6c0,1
188.249.112.203,Saudi Arabia,10.0,false,186.0,8c81cc1156,1
188.32.116.79,Russia,7.0,false,176.0,318e4574cd,1
188.39.147.170,United Kingdom,2.0,false,167.0,29da576131,1
188.4.204.174,Greece,1.0,true,94.0,46ff84d890,1
188.71.239.160,Kuwait,5.0,true,152.0,3045e8294d,1
189.12.202.168,Brazil,6.0,true,71.0,0f5335ae75,1
189.140.142.171,Mexico,4.0,false,200.0,5b7804db98,1
189.163.45.122,Mexico,9.0,false,107.0,269a3aed1b,1
189.175.60.117,Mexico,7.0,false,124.0,746eb89deb,1
189.176.245.38,Mexico,11.0,false,112.0,bd1c0f00a3,1
189.183.118.100,Mexico,5.0,true,74.0,3fdf4b3b5a,1
189.194.119.149,Mexico,3.0,false,118.0,8e36fa9aeb,1
189.198.9.237,Mexico,5.0,false,262.0,f299a1db63,1
189.202.241.176,Mexico,7.0,false,83.0,a543a1edc3,1
189.220.23.170,Mexico,6.0,true,137.0,bb11998e65,1
189.246.72.212,Mexico,5.0,true,92.0,861aaf1b72,1
189.27.109.161,Brazil,8.0,false,129.0,9bb9ca3ba5,1
189.33.3.217,Brazil,8.0,false,107.0,438d508a49,1
189.40.94.147,Brazil,5.0,true,99.0,d6e58b576c,1
189.51.4.163,Brazil,8.0,true,66.0,f145519711,1
189.86.209.169,Brazil,10.0,false,153.0,87a1d155ea,1
190.244.44.59,Argentina,6.0,false,191.0,3d5bc8d155,1
190.58.124.14,Trinidad and Tobago,8.0,false,126.0,33ddc35854,1
192.116.233.131,Israel,4.0,true,142.0,d51cf4d059,1
192.118.52.160,Israel,7.0,true,150.0,24932cdf2a,1
192.137.176.27,United States,3.0,false,188.0,e9b0019d7d,1
192.187.36.56,United States,2.0,false,147.0,45ccffbaa6,1
192.20.195.17,United States,7.0,false,294.0,3a9fc6991c,1
192.212.182.98,United States,7.0,false,290.0,a9433e7f8b,1
192.235.199.164,Canada,5.0,false,289.0,06effa7852,1
192.60.5.4,United States,7.0,false,257.0,4300e13dd5,1
193.125.82.123,Russia,5.0,true,83.0,f6a8f4d8f3,1
193.130.136.226,United Kingdom,2.0,false,184.0,4f6cd51312,1
193.136.210.53,Portugal,4.0,false,122.0,ed9799e2a0,1
193.149.25.216,NA,3.0,false,131.0,e20d887bb2,1
193.182.41.87,Sweden,10.0,false,187.0,cf560c6b34,1
193.184.42.196,Finland,3.0,true,114.0,a76a201644,1
193.198.224.198,Croatia,8.0,true,95.0,a15cc24ac7,1
193.28.175.46,Germany,9.0,false,254.0,5212ae0381,1
193.28.243.194,Germany,11.0,true,45.0,2b3361de11,1
193.3.88.126,Denmark,5.0,false,282.0,29849d1574,1
193.62.113.67,United Kingdom,4.0,true,232.0,32332a7abd,1
194.127.251.202,Germany,7.0,false,238.0,6a921dbe00,1
194.198.218.126,Sweden,8.0,true,133.0,aed40ea976,1
194.48.225.75,NA,5.0,true,157.0,c9b6a9314d,1
194.55.216.136,Germany,3.0,false,206.0,4671b0c127,1
194.55.218.194,Germany,3.0,false,240.0,f004bd7bf1,1
194.6.26.119,United Kingdom,8.0,true,141.0,27897b6539,1
194.71.140.11,Sweden,7.0,false,167.0,d458fa1525,1
194.72.70.170,United Kingdom,8.0,false,188.0,83c37d338b,1
194.99.221.182,Germany,4.0,false,208.0,6d5a11df69,1
195.117.93.117,Poland,3.0,true,98.0,1eb2c66b6f,1
195.122.250.114,Russia,4.0,false,111.0,58e269174b,1
195.130.47.154,Bosnia and Herzegovina,5.0,true,77.0,46af3446c5,1
195.153.129.142,United Kingdom,3.0,false,150.0,cc3c3b21bb,1
195.28.113.58,Slovak Republic,10.0,true,129.0,3e3673e050,1
195.37.138.220,Germany,2.0,false,141.0,4404fad840,1
195.6.116.110,France,5.0,false,163.0,8a18e8579f,1
195.91.30.230,Slovak Republic,4.0,false,262.0,e41d36a761,1
196.249.91.204,Tanzania,5.0,true,140.0,bff5f6e26a,1
196.48.115.187,United States,4.0,false,146.0,171d5bd982,1
196.63.25.75,South Africa,8.0,false,100.0,9106f51157,1
197.138.243.111,Kenya,8.0,false,83.0,ee9da42844,1
197.140.195.149,Algeria,7.0,true,61.0,3a861b2877,1
197.222.36.2,Egypt,5.0,false,103.0,afcbc738e3,1
197.243.231.31,Namibia,6.0,false,67.0,fae4708417,1
197.25.143.111,Tunisia,11.0,false,70.0,045523657c,1
197.58.84.125,Egypt,7.0,false,66.0,68a127b64e,1
197.85.23.186,South Africa,5.0,false,115.0,b29cfe7337,1
198.12.97.133,United States,4.0,false,251.0,3afdffbe0e,1
198.132.49.208,United States,10.0,false,174.0,97f08babdf,1
198.153.54.84,United States,5.0,false,159.0,472b54cdd4,1
198.180.29.73,United States,5.0,false,337.0,a7065f79f9,1
198.30.13.251,United States,9.0,false,201.0,d38e113ebe,1
198.33.134.237,Canada,5.0,true,173.0,1018cd3215,1
198.42.8.142,United States,8.0,true,222.0,d65bf03e29,1
198.49.142.73,United States,5.0,false,187.0,a701bb44e0,1
199.111.77.84,United States,7.0,false,102.0,5510b51bd4,1
199.142.96.31,United States,11.0,false,188.0,53d04c085a,1
199.20.156.166,United States,6.0,false,225.0,ada842dc06,1
199.202.32.249,Canada,5.0,false,203.0,47869ba383,1
199.57.209.94,United States,6.0,false,227.0,24f20e2336,1
199.62.248.10,United States,4.0,false,166.0,c5cab635ab,1
199.69.162.34,United States,6.0,false,148.0,764c34f8a4,1
199.72.40.88,United States,4.0,false,187.0,7b06fd759a,1
200.109.201.243,Venezuela,6.0,false,197.0,49c32c688d,1
200.114.190.185,Argentina,5.0,false,109.0,043eaa64de,1
200.115.52.24,Argentina,8.0,true,121.0,07e1fb3ffd,1
200.161.184.227,Brazil,6.0,true,84.0,28396e122d,1
200.186.81.37,Brazil,5.0,false,108.0,e36f08251f,1
200.19.23.204,Brazil,7.0,false,92.0,fd468d9db2,1
200.222.168.71,Brazil,6.0,false,100.0,5f4dc069f3,1
200.229.205.26,Brazil,5.0,false,117.0,a4de59d5ce,1
200.247.154.177,Brazil,6.0,false,102.0,fd910e35b9,1
200.251.221.73,Brazil,6.0,true,122.0,ae86abdacc,1
200.29.173.251,Chile,3.0,false,156.0,1c9be277f4,1
200.84.109.177,Venezuela,7.0,false,122.0,46d0e0b356,1
200.84.155.243,Venezuela,5.0,false,95.0,9027d63059,1
40.110.173.94,United States,9.0,false,239.0,8524c5d91f,1
40.112.34.205,United States,11.0,false,199.0,86e073a65e,1
40.116.249.161,United States,6.0,false,227.0,d9422d2c11,1
40.127.12.89,Singapore,7.0,false,171.0,8fe079a0a7,1
40.139.18.227,United States,8.0,false,237.0,8e4e20630a,1
40.163.26.202,United States,8.0,false,192.0,ac2875826a,1
40.176.1.162,United States,6.0,false,253.0,416b820a9a,1
40.194.124.157,United States,6.0,false,197.0,e3963c0282,1
40.33.149.124,United States,3.0,false,223.0,f66fc74a9d,1
40.34.215.146,United States,6.0,true,174.0,d7fc642ecf,1
40.43.26.72,United States,1.0,true,177.0,952dfea642,1
40.7.207.71,United States,4.0,false,207.0,5a5bac161a,1
41.125.122.107,South Africa,6.0,false,98.0,9e6371df2e,1
41.129.136.29,Egypt,3.0,true,93.0,e6bd07fe45,1
41.154.78.97,South Africa,6.0,false,81.0,da3f9a3649,1
41.16.203.174,South Africa,6.0,false,69.0,6a3d6cc17c,1
41.184.240.85,Nigeria,11.0,false,61.0,9ac33fe60e,1
41.189.149.136,Ghana,7.0,false,44.0,066afc964e,1
41.217.190.131,Egypt,4.0,false,59.0,7e4f1d094f,1
41.229.129.142,Tunisia,1.0,false,70.0,868029e94e,1
41.245.53.208,South Africa,7.0,false,147.0,c4ab16d538,1
41.25.222.82,South Africa,3.0,true,170.0,2a9a243099,1
42.124.87.20,Japan,6.0,false,230.0,c868c858fd,1
42.130.17.176,China,4.0,false,88.0,919282146d,1
42.160.192.214,China,4.0,false,73.0,3db87bfad6,1
42.184.113.154,China,6.0,false,196.0,3b778ca788,1
42.195.161.247,China,8.0,false,139.0,f39e9c61d5,1
42.40.176.195,Republic of Korea,5.0,false,235.0,0f2fa51f6f,1
42.45.37.164,Republic of Korea,5.0,false,146.0,201f28e155,1
42.56.61.149,China,3.0,false,112.0,a2f90fc848,1
42.78.165.233,Taiwan,7.0,false,171.0,7aa84ce7c0,1
42.79.97.157,Taiwan,3.0,false,161.0,7.985148E+76,1
43.128.214.246,Japan,4.0,false,236.0,4947dafe96,1
43.222.2.235,Japan,3.0,false,150.0,2e6885bafc,1
43.254.193.119,China,8.0,false,273.0,790ea634a4,1
43.39.96.64,Japan,6.0,true,249.0,cad306a592,1
43.80.17.94,Japan,7.0,true,152.0,892d705874,1
43.93.78.76,Japan,5.0,false,156.0,994de4c691,1
44.134.248.144,United States,6.0,false,331.0,caa2969065,1
44.20.86.40,United States,6.0,false,228.0,4c6a0716d6,1
44.229.225.168,United States,10.0,false,181.0,445b18a53a,1
44.230.30.103,United States,7.0,true,191.0,275a0a5c1a,1
44.53.172.124,United States,3.0,false,233.0,da7c59febd,1
46.181.115.20,Russia,10.0,false,133.0,dd4c590c4e,1
46.183.21.238,Greece,5.0,false,145.0,a455c425fa,1
46.184.31.189,Saudi Arabia,6.0,false,160.0,88190283a6,1
46.214.107.128,Romania,4.0,false,225.0,b86c95c1e5,1
46.224.230.98,Iran,7.0,false,120.0,00ca5dc297,1
46.6.89.248,Spain,6.0,false,210.0,1bb8db7b63,1
46.67.45.227,Norway,5.0,true,176.0,c4367e3525,1
46.83.195.71,Germany,7.0,false,182.0,2941a289b6,1
47.129.43.186,Canada,5.0,false,202.0,21c64be387,1
47.166.73.177,Canada,3.0,false,130.0,ac13948f1d,1
47.180.147.221,Canada,6.0,false,260.0,22c3333d7a,1
47.187.134.44,Canada,5.0,true,163.0,f87395b22d,1
47.215.222.159,United States,5.0,false,245.0,1fe93a5a95,1
47.223.109.148,United States,5.0,true,129.0,c1edbefc06,1
47.231.246.120,Canada,6.0,false,252.0,91fcd28f91,1
47.247.173.216,Canada,6.0,true,177.0,18b3595484,1
47.251.147.90,Canada,5.0,true,224.0,e200322570,1
47.3.195.110,Canada,5.0,false,245.0,4344343ece,1
47.33.134.173,United States,5.0,false,150.0,7f70742d0f,1
47.54.126.2,Canada,9.0,false,250.0,6e02942cf8,1
47.80.8.168,Canada,6.0,false,232.0,825757d8e5,1
47.95.25.169,China,5.0,false,172.0,958b31729b,1
48.116.228.13,United States,3.0,false,282.0,d79b3899ff,1
48.125.120.146,United States,6.0,false,199.0,6d38cc1f49,1
48.133.18.2,United States,4.0,false,304.0,fab1f4f188,1
48.134.231.145,United States,5.0,false,178.0,f7b7db7dc1,1
48.152.92.214,United States,8.0,false,212.0,e38a86c02a,1
48.165.90.252,United States,4.0,false,270.0,abab7d1e69,1
48.2.57.186,United States,5.0,true,144.0,8bb6c76800,1
48.207.8.78,United States,6.0,true,217.0,beec446f60,1
48.36.254.80,United States,6.0,false,211.0,81d2c80df0,1
48.52.131.218,United States,7.0,false,261.0,07bd64025e,1
48.7.41.176,United States,6.0,true,207.0,01977bcb91,1
48.94.187.182,United States,6.0,true,162.0,b51bfaae77,1
48.94.68.87,United States,5.0,false,284.0,169eee4f4d,1
49.103.12.108,Japan,2.0,true,151.0,65bfa419f5,1
49.111.101.199,Japan,4.0,false,210.0,93d3f6fec5,1
49.120.124.88,China,6.0,true,92.0,83f4c994d8,1
49.159.71.214,Taiwan,9.0,true,157.0,25d182318e,1
49.176.29.246,Australia,7.0,false,222.0,bdcedb1280,1
49.44.156.180,India,6.0,false,69.0,7c69e5224e,1
49.47.44.74,India,7.0,false,52.0,0e8d78452f,1
49.48.23.223,Thailand,10.0,true,78.0,150f751dec,1
49.74.151.47,China,4.0,true,63.0,8f2c67e0ce,1
49.99.110.86,Japan,7.0,false,166.0,20a74ccd7f,1
50.1.241.111,United States,8.0,false,218.0,7a765cd64b,1
50.146.154.93,United States,4.0,false,216.0,d90110f414,1
50.16.241.127,United States,9.0,true,164.0,29819aae99,1
50.185.179.49,United States,4.0,true,185.0,29ae03f06c,1
50.187.196.142,United States,4.0,false,215.0,15c4603358,1
50.191.98.228,United States,3.0,true,157.0,ebd3bc12ee,1
50.239.204.231,United States,7.0,true,142.0,471f6308c7,1
50.28.205.201,United States,7.0,false,178.0,690d61105c,1
50.75.168.225,United States,3.0,false,259.0,de51d3d09d,1
51.105.216.249,United Kingdom,10.0,true,127.0,dade7b4d37,1
51.117.194.75,United Kingdom,5.0,false,128.0,ede932b5ff,1
51.123.192.104,United Kingdom,5.0,true,123.0,fe0ba2e337,1
51.163.218.230,United Kingdom,10.0,false,141.0,565786deb8,1
51.187.51.178,United Kingdom,11.0,true,274.0,59448c2663,1
51.188.140.99,United Kingdom,10.0,false,198.0,b596656a84,1
51.206.249.7,United Kingdom,8.0,false,146.0,8ed3404e12,1
51.237.203.181,United Kingdom,3.0,true,190.0,6a7aa897ca,1
51.33.51.72,United Kingdom,7.0,true,166.0,a15aa5a871,1
51.46.19.203,United Kingdom,6.0,false,196.0,7a09a858b0,1
51.51.218.77,United Kingdom,4.0,false,131.0,22fe6b5fda,1
51.56.120.249,United Kingdom,6.0,false,346.0,88236d14e0,1
51.56.239.247,United Kingdom,8.0,false,221.0,9dccd8796c,1
52.111.13.81,United States,5.0,true,175.0,e10bb16c9f,1
52.139.129.241,United States,5.0,false,284.0,7e4c498b41,1
52.166.22.79,United States,6.0,false,154.0,15a72d1ebf,1
52.171.242.66,United States,7.0,false,176.0,7d38d48cee,1
52.240.20.118,United States,8.0,true,146.0,0dfb51bb9d,1
52.67.41.57,Brazil,3.0,false,269.0,0157aeda77,1
52.96.166.3,United States,9.0,false,239.0,a2c7bcf299,1
53.177.53.85,Germany,9.0,true,177.0,359dc809dc,1
53.239.177.60,Germany,6.0,true,148.0,eb02dac004,1
53.46.166.104,Germany,5.0,true,235.0,732e5b9391,1
53.88.46.80,Germany,7.0,true,193.0,d2bd365741,1
54.223.39.87,China,5.0,true,124.0,de2a164f54,1
54.238.143.53,Japan,7.0,true,175.0,57a246a7e2,1
54.240.91.224,United States,3.0,false,176.0,bc3f22df3a,1
54.248.234.31,Japan,1.0,true,114.0,efc4229396,1
54.28.107.109,United States,5.0,true,183.0,8e6f572f92,1
54.40.6.80,United States,3.0,true,185.0,ef5f3e16b9,1
54.70.63.248,United States,3.0,false,159.0,69ef6721e8,1
54.86.83.203,United States,6.0,false,165.0,7936cff0f1,1
55.151.204.56,United States,5.0,false,216.0,b35a152578,1
55.159.95.60,United States,6.0,false,215.0,d05efa9f17,1
55.173.218.61,United States,5.0,true,235.0,587eb82dd5,1
55.185.14.142,United States,7.0,false,207.0,05b33d1349,1
55.226.86.45,United States,9.0,false,240.0,a2e5839ec0,1
55.23.141.173,United States,7.0,false,209.0,3bc0842d33,1
55.240.98.158,United States,8.0,true,209.0,30cf1c844b,1
55.4.107.76,United States,6.0,false,205.0,198d07ae1f,1
55.49.180.127,United States,6.0,false,253.0,6397c9181a,1
55.8.105.244,United States,10.0,false,157.0,914a44c457,1
56.10.16.66,United States,4.0,false,199.0,1886cdc5de,1
56.113.84.63,United States,7.0,false,191.0,71edebe908,1
56.147.56.138,United States,6.0,false,165.0,5288c425b6,1
56.180.32.202,United States,8.0,false,220.0,0f9696fdb9,1
56.22.139.113,United States,6.0,true,164.0,14e12051fc,1
56.227.92.192,United States,9.0,true,141.0,5705d53eb4,1
56.237.105.158,United States,4.0,false,233.0,d506648192,1
56.244.6.40,United States,6.0,false,255.0,1d01a4439c,1
56.30.64.151,United States,1.0,false,158.0,0b9d0d42a1,1
56.80.194.215,United States,6.0,false,180.0,d94506195f,1
56.99.51.200,United States,6.0,false,197.0,d32b7064c1,1
57.48.9.147,United States,5.0,false,191.0,5e4b544886,1
58.110.5.31,Australia,3.0,false,166.0,21a6cfd063,1
58.113.233.106,Japan,4.0,false,135.0,d4b972186d,1
58.12.118.204,Japan,5.0,false,145.0,4b0284dc74,1
58.204.66.212,China,6.0,false,83.0,efe175199c,1
58.226.87.59,Republic of Korea,6.0,false,184.0,99045daa4c,1
58.49.241.253,China,6.0,false,114.0,e8b8fa0003,1
58.55.215.214,China,6.0,true,73.0,6e06f7d4ae,1
58.76.190.9,Republic of Korea,8.0,false,154.0,4f0138cd09,1
59.113.83.73,Taiwan,4.0,false,179.0,7637294c93,1
59.135.175.165,Japan,7.0,true,124.0,9cf4124fb3,1
59.135.59.92,Japan,7.0,false,230.0,a762c9ea62,1
59.164.196.143,India,6.0,false,34.0,a8114b2570,1
59.190.8.15,Japan,10.0,true,136.0,a4df18ba56,1
59.197.214.245,China,8.0,false,89.0,0e75d8cdc5,1
59.213.72.218,China,5.0,true,91.0,db982d79b7,1
59.246.240.92,China,8.0,true,74.0,848a94497a,1
59.248.98.242,China,5.0,false,96.0,34a775dba4,1
59.5.253.157,Republic of Korea,5.0,false,190.0,90dbb521ed,1
59.50.176.29,China,2.0,false,110.0,a2e51338fa,1
59.52.90.33,China,7.0,false,99.0,2cc3f39995,1
59.7.41.222,Republic of Korea,4.0,false,214.0,6a0c23a127,1
59.94.53.191,India,5.0,true,67.0,77e9b4d7dc,1
60.126.82.169,Japan,6.0,false,176.0,3562754cec,1
60.136.114.104,Japan,5.0,false,155.0,7f535228f9,1
60.138.123.54,Japan,5.0,true,209.0,070dd4f4ee,1
60.153.57.141,Japan,3.0,true,149.0,b8eaa0ea57,1
60.193.237.194,Japan,7.0,true,132.0,e2fc7ef786,1
60.204.150.33,China,5.0,false,110.0,2382a07c46,1
60.241.119.116,Australia,3.0,false,151.0,6d52aae613,1
60.30.218.115,China,6.0,true,94.0,6349e89312,1
60.78.56.173,Japan,6.0,false,133.0,07ffea0f14,1
61.122.11.113,Japan,3.0,false,153.0,73c83a253e,1
61.14.196.188,Philippines,5.0,true,72.0,dba822c163,1
61.172.59.160,China,9.0,false,118.0,50df7451ff,1
61.2.24.227,India,3.0,true,46.0,61f363f6b4,1
61.242.76.180,China,2.0,false,68.0,3d6236583e,1
61.80.187.192,Republic of Korea,8.0,true,134.0,e860541d0c,1
61.84.210.209,Republic of Korea,7.0,false,132.0,be55fb7784,1
61.99.35.105,Republic of Korea,3.0,false,185.0,22fa6e3696,1
62.117.198.205,Spain,6.0,true,147.0,f58ba502fd,1
62.126.7.77,United Kingdom,3.0,false,209.0,091bf1cd8b,1
62.167.220.160,Switzerland,5.0,false,321.0,7ba0c7fb9a,1
62.173.78.139,United Kingdom,5.0,false,337.0,c4572c279f,1
62.228.31.138,Cyprus,3.0,false,179.0,4428e14d04,1
62.40.117.217,United Kingdom,3.0,false,158.0,219212bc2e,1
62.80.72.52,Slovak Republic,4.0,false,186.0,4d6031326f,1
63.150.46.38,United States,9.0,true,229.0,5179f4699c,1
64.139.156.122,United States,4.0,false,239.0,159208e3c8,1
64.141.102.18,Canada,8.0,true,138.0,2520b216b3,1
64.189.114.153,United States,4.0,false,210.0,2598789b37,1
64.23.65.185,Republic of Korea,9.0,false,229.0,3a20878948,1
64.251.174.118,United States,5.0,true,175.0,1e949e3db4,1
64.55.220.159,United States,1.0,true,134.0,e86c044172,1
64.78.226.147,United States,3.0,false,268.0,5d279e54d2,1
64.97.90.123,Cayman Islands,3.0,false,280.0,d7bd619210,1
65.111.209.189,United States,2.0,false,172.0,1909158438,1
65.157.208.242,United States,4.0,true,158.0,add9f67869,1
65.178.217.116,United States,3.0,true,152.0,b046ad1f2d,1
65.187.173.8,United States,5.0,false,191.0,d8cb5f02ed,1
65.197.49.209,United States,6.0,false,210.0,46f0b6ad0c,1
65.218.185.155,United States,6.0,true,233.0,57edee4c81,1
65.226.142.113,United States,3.0,false,214.0,1d45e7d545,1
65.228.126.208,United States,6.0,false,218.0,adbafffc1c,1
65.44.14.68,United States,6.0,true,184.0,c073c8ae87,1
65.52.27.58,United States,7.0,true,149.0,9c995363b6,1
65.69.150.246,United States,5.0,false,147.0,579eb2ed74,1
65.71.175.126,United States,1.0,false,163.0,5978a43573,1
65.79.71.17,United States,7.0,false,193.0,17a7bf0222,1
65.95.179.40,Canada,3.0,false,343.0,4ab50426bc,1
65.99.111.102,United States,9.0,true,173.0,a14684b3c2,1
66.124.195.141,United States,3.0,false,201.0,de2b1f3d1c,1
66.174.119.122,United States,1.0,false,223.0,604f9286a3,1
66.178.191.249,United States,9.0,false,267.0,78ecd1e9cc,1
66.179.233.62,United States,11.0,true,179.0,eb5893e01d,1
66.179.77.104,United States,5.0,false,179.0,d41c5aabe5,1
66.182.166.229,United States,11.0,false,170.0,5f514ac1e7,1
66.189.109.172,United States,7.0,false,190.0,4a686bae7b,1
66.192.23.187,United States,10.0,false,295.0,c55f8cd65b,1
66.195.127.138,United States,1.0,false,144.0,f547721c19,1
66.216.130.242,United States,10.0,false,264.0,999a91685e,1
66.61.234.169,United States,6.0,true,143.0,25d6ebc3f1,1
66.7.221.189,United States,7.0,true,170.0,cf1e5d0e0d,1
66.77.188.71,United States,7.0,false,76.0,dad40e69aa,1
66.96.210.197,Singapore,11.0,false,238.0,25991e49cf,1
67.131.65.5,United States,7.0,false,182.0,a057c58757,1
67.14.87.14,United States,5.0,false,230.0,b4b0f0dac7,1
67.164.25.147,United States,3.0,false,287.0,6cc785ce15,1
67.17.120.192,United States,3.0,false,156.0,4862935670,1
67.178.20.178,United States,4.0,false,242.0,bf0a261784,1
67.242.32.94,United States,4.0,true,282.0,1a79006750,1
67.36.226.144,United States,5.0,false,229.0,466045402e,1
67.7.181.123,United States,5.0,true,175.0,2807bf1111,1
67.71.79.214,Canada,5.0,false,203.0,b8c9ea1e31,1
67.80.45.230,United States,4.0,false,179.0,160a25ec85,1
68.153.132.108,United States,10.0,false,214.0,06e0cc57ec,1
68.16.229.82,United States,6.0,true,178.0,0316e7f4b7,1
68.211.158.247,United States,9.0,false,316.0,59d0713441,1
68.214.105.67,United States,7.0,true,126.0,af3225fd59,1
68.50.77.31,United States,9.0,false,251.0,f28199e077,1
69.124.194.205,United States,4.0,true,191.0,2cf3279eec,1
69.140.32.83,United States,5.0,false,173.0,0fc192553b,1
69.171.156.171,Canada,5.0,false,240.0,1018e181f4,1
69.178.204.54,United States,5.0,false,228.0,569d63b9e0,1
69.20.118.18,United States,8.0,true,193.0,9018427f50,1
69.212.206.118,United States,3.0,false,211.0,466c3cc948,1
69.220.63.64,United States,6.0,false,241.0,4705da5728,1
69.221.249.120,United States,6.0,false,233.0,e760077afc,1
69.249.215.83,United States,5.0,true,164.0,cb2d68b85a,1
70.101.102.115,United States,9.0,false,190.0,b878203d16,1
70.110.120.170,United States,5.0,true,152.0,cf5cdd6860,1
70.130.132.41,United States,3.0,true,137.0,a0bd15470b,1
70.139.21.17,United States,9.0,false,208.0,c43b97a426,1
70.156.202.193,United States,11.0,true,128.0,c778e8a8a2,1
70.168.178.201,United States,5.0,true,177.0,412b89c9b3,1
70.171.67.18,United States,5.0,false,186.0,31d2b8c2aa,1
70.237.206.100,United States,8.0,true,144.0,8dd140691c,1
70.248.114.159,United States,4.0,false,182.0,8032a245e9,1
70.31.4.134,Canada,4.0,false,151.0,0b7c6b3ad5,1
70.33.15.243,United States,7.0,false,165.0,72b9595932,1
70.33.237.157,United States,5.0,false,281.0,7638c2fd71,1
70.54.160.227,Canada,6.0,true,161.0,83bd3f5540,1
70.60.199.96,United States,6.0,false,324.0,8957be396e,1
70.61.239.45,United States,4.0,true,195.0,e18432d41f,1
71.114.36.92,United States,5.0,true,173.0,933465855d,1
71.181.160.168,United States,6.0,false,188.0,5128fe722f,1
71.194.53.144,United States,8.0,false,193.0,5c7d315f49,1
71.200.157.179,United States,5.0,false,263.0,893174d2a5,1
71.224.215.198,United States,4.0,true,176.0,c6ec0be462,1
71.234.7.43,United States,6.0,false,176.0,87b62e88c5,1
71.34.63.117,United States,5.0,false,176.0,c40693ad43,1
71.84.189.65,United States,7.0,false,228.0,e78aa64831,1
72.118.106.55,United States,3.0,false,187.0,772259ebb1,1
72.167.170.168,United States,10.0,false,291.0,722aa2baa5,1
72.177.97.251,United States,6.0,false,200.0,50a2cbdadb,1
72.215.155.145,United States,6.0,true,164.0,36f649f775,1
72.240.71.155,United States,4.0,false,187.0,b769d4d533,1
72.252.239.84,Jamaica,4.0,false,93.0,1c9462e988,1
72.69.98.116,United States,4.0,false,189.0,4e8ae1bd02,1
72.70.210.20,United States,5.0,false,241.0,1f769c3121,1
73.102.158.87,United States,9.0,false,206.0,c415b8e404,1
73.115.118.44,United States,7.0,true,143.0,b27cfa0455,1
73.126.60.95,United States,6.0,true,134.0,a8fb967c5a,1
73.130.110.33,United States,4.0,false,169.0,e7b9c7ed4e,1
73.131.116.208,United States,6.0,false,207.0,10bfb7aaad,1
73.200.68.41,United States,9.0,false,221.0,e150815b28,1
73.21.35.42,United States,6.0,false,142.0,322039b316,1
73.219.184.27,United States,8.0,false,238.0,84b37ec36c,1
73.5.87.137,United States,11.0,false,265.0,1982eb2845,1
73.73.129.177,United States,9.0,false,186.0,21f06552f5,1
73.89.178.203,United States,7.0,true,181.0,ff6636c06a,1
73.94.40.216,United States,8.0,false,76.0,bd7415a322,1
73.98.86.204,United States,8.0,false,335.0,6fcd5a8db4,1
74.128.185.129,United States,3.0,true,253.0,ab8dd8db04,1
74.13.191.100,Canada,6.0,false,195.0,6c26dd6b27,1
74.130.1.47,United States,2.0,false,213.0,0fc8b1969e,1
74.131.238.115,United States,10.0,false,219.0,8fd068664a,1
74.132.73.173,United States,8.0,false,246.0,8ac924e5c2,1
74.142.87.232,United States,5.0,false,202.0,54664b66b9,1
74.145.196.70,United States,8.0,false,224.0,7f53e4acb9,1
74.161.9.62,United States,5.0,false,300.0,eed74811ce,1
74.69.189.183,United States,3.0,false,292.0,f7a4171b6e,1
74.78.119.66,United States,7.0,false,181.0,e2360b45d1,1
75.105.106.50,United States,8.0,false,192.0,f44b98b00a,1
75.133.136.221,United States,8.0,false,173.0,15207bdd59,1
75.157.249.84,Canada,7.0,false,167.0,9e378bdc2e,1
75.180.33.253,United States,7.0,false,162.0,fb47e5e215,1
75.212.8.51,United States,6.0,false,179.0,6d608bda89,1
75.230.56.34,United States,3.0,false,233.0,bbd345474a,1
75.248.1.100,United States,5.0,true,74.0,b84570d1b7,1
75.253.184.2,United States,3.0,false,180.0,3826e259bc,1
75.26.165.172,United States,6.0,false,286.0,4498e5ddb8,1
75.58.105.27,United States,5.0,false,184.0,d3cd714e1f,1
75.60.229.37,United States,6.0,false,240.0,f83b92fe76,1
75.61.180.151,United States,10.0,false,288.0,f70f82508a,1
75.71.119.152,United States,4.0,false,219.0,78cb41b679,1
75.89.194.191,United States,3.0,false,200.0,1.2635346E+10,1
76.17.122.215,United States,3.0,false,168.0,5f97961388,1
76.232.254.187,United States,6.0,false,257.0,46f8e70522,1
76.247.248.179,United States,5.0,false,196.0,528dc1fd9c,1
76.25.70.19,United States,6.0,false,180.0,7df82b3e9f,1
76.250.234.6,United States,8.0,false,218.0,5eee272fe3,1
76.94.186.80,United States,9.0,false,214.0,596c46ef49,1
77.136.211.187,France,5.0,false,157.0,7f9149363e,1
77.153.68.39,France,3.0,false,167.0,786ad39684,1
77.21.42.91,Germany,6.0,false,270.0,6215e5f22e,1
77.234.74.12,Hungary,5.0,false,242.0,d8a144d455,1
77.242.19.103,Albania,5.0,false,63.0,6ff5b59281,1
77.249.188.39,Netherlands,7.0,false,152.0,43ef3c8a80,1
77.254.38.234,Poland,7.0,false,199.0,733bb1438a,1
77.26.134.51,Spain,5.0,false,186.0,a5c235fe10,1
77.3.194.24,Germany,9.0,false,180.0,d8df925be5,1
77.77.208.160,Bosnia and Herzegovina,5.0,false,101.0,06ded934f7,1
78.11.135.139,Poland,6.0,true,124.0,b398fd5169,1
78.116.43.57,France,7.0,false,137.0,6f071ebd13,1
78.15.5.157,Italy,8.0,false,122.0,6a641ece10,1
78.153.159.216,Russia,6.0,false,123.0,5dcabc55e3,1
78.169.90.237,Turkey,3.0,false,114.0,67b445eb0e,1
78.187.194.85,Turkey,6.0,false,146.0,8d272060d2,1
78.209.171.81,France,7.0,true,145.0,aace1b31ac,1
78.242.225.38,France,8.0,true,129.0,89b94f95ab,1
78.39.172.102,Iran,5.0,false,117.0,22c9674562,1
78.89.240.42,Kuwait,6.0,true,155.0,ac0a8041b6,1
79.2.141.49,Italy,5.0,false,198.0,7e17d24c82,1
79.203.177.206,Germany,8.0,true,205.0,cd6cef825f,1
79.50.43.113,Italy,5.0,true,121.0,90c78a0ec3,1
79.9.97.45,Italy,5.0,true,138.0,c17e6c5d5f,1
80.111.140.150,Ireland,5.0,true,204.0,aef0b276db,1
80.150.105.155,Germany,7.0,true,174.0,e1915c7feb,1
80.189.171.157,United Kingdom,9.0,false,201.0,24d2db22e7,1
80.227.45.116,United Arab Emirates,3.0,false,148.0,c6de573f17,1
80.32.55.18,Spain,4.0,false,237.0,2afc59d1b0,1
80.42.195.224,United Kingdom,6.0,false,201.0,3886f83875,1
80.61.163.207,Netherlands,6.0,false,252.0,e75734b038,1
80.77.50.199,Georgia,4.0,false,113.0,8086ff98d5,1
80.91.107.91,Germany,7.0,false,145.0,0ef11d3959,1
81.110.42.83,United Kingdom,3.0,false,182.0,dc27f574e8,1
81.139.114.7,United Kingdom,7.0,false,159.0,42f94763af,1
81.159.131.214,United Kingdom,5.0,false,167.0,e141c41f03,1
81.194.127.29,France,5.0,true,127.0,19cedc1d91,1
81.231.128.130,Sweden,5.0,false,182.0,40c354522f,1
81.231.151.194,Sweden,6.0,false,176.0,6d6efb3c6a,1
81.247.61.194,Belgium,4.0,true,124.0,3eefbda02d,1
81.32.30.53,Spain,4.0,false,141.0,af704d7568,1
81.5.8.26,Israel,5.0,false,274.0,20ac948cc3,1
82.116.10.151,Russia,6.0,true,97.0,ace0733e1c,1
82.193.206.129,Croatia,9.0,true,90.0,4f563bafd5,1
82.20.252.191,United Kingdom,4.0,true,129.0,250f1992b8,1
82.200.24.183,Russia,7.0,false,110.0,af2324a552,1
82.201.181.112,Egypt,6.0,false,110.0,40115d5ee8,1
82.46.158.187,United Kingdom,4.0,true,150.0,c56e40bc56,1
82.95.33.199,Netherlands,4.0,false,197.0,d3856e1a71,1
83.102.113.240,Finland,4.0,false,213.0,d6a67c5aed,1
83.111.225.241,United Arab Emirates,7.0,false,155.0,b1b229ffe0,1
83.118.217.118,Netherlands,3.0,false,170.0,6d01e2c518,1
83.122.43.212,Germany,8.0,false,136.0,874685046,1
83.182.83.38,Sweden,4.0,false,143.0,5c34ebef2d,1
83.194.181.16,France,5.0,false,263.0,f285f80e99,1
83.27.18.137,Poland,6.0,false,112.0,2b405b9b66,1
83.83.106.216,Netherlands,5.0,true,239.0,7c64df06e1,1
83.91.52.10,Denmark,9.0,true,142.0,e26d75c2b4,1
84.104.17.188,Netherlands,7.0,false,188.0,5f8ee3e71b,1
84.171.48.94,Germany,10.0,false,153.0,3d9f69f48a,1
84.193.139.249,Belgium,5.0,false,346.0,70d73544b6,1
84.231.18.14,Finland,2.0,false,158.0,c6b009bc7c,1
84.67.88.251,India,8.0,false,167.0,de0197b3fb,1
85.102.109.179,Turkey,3.0,true,81.0,83bafd5ffb,1
85.13.234.176,United Kingdom,4.0,false,166.0,caefd947f9,1
85.148.139.97,Netherlands,4.0,true,219.0,dc47575ed9,1
85.154.57.129,Oman,7.0,false,159.0,48adc50739,1
85.16.71.36,Germany,3.0,false,194.0,45cb5bb56a,1
85.183.134.92,Germany,7.0,false,278.0,d2bd222b18,1
85.184.170.134,Netherlands,4.0,false,257.0,1fa830cb2f,1
85.184.93.26,Netherlands,9.0,false,125.0,1064b9b545,1
85.33.131.157,Italy,6.0,false,152.0,af6bf63683,1
85.38.62.16,Italy,5.0,true,111.0,f7d6dff85f,1
85.4.95.108,Switzerland,9.0,true,195.0,ba61fff0b3,1
85.58.60.204,Spain,7.0,false,165.0,4f6b23bd70,1
85.69.79.231,France,9.0,false,221.0,89ebd5b0d1,1
85.86.118.6,Spain,5.0,true,107.0,e04cf7ff1f,1
86.117.237.165,Switzerland,6.0,false,168.0,d5dd906772,1
86.153.78.14,United Kingdom,4.0,false,135.0,2cbdc36031,1
86.228.47.36,France,6.0,false,229.0,4aaec03142,1
86.65.213.224,France,6.0,false,130.0,7da2af8de5,1
86.89.62.121,Netherlands,6.0,false,218.0,4feed8690a,1
87.100.202.167,Finland,8.0,false,327.0,2b1aa5834f,1
87.111.216.234,Spain,4.0,false,127.0,3f58774059,1
87.112.213.219,United Kingdom,6.0,false,196.0,b90b812635,1
87.122.21.123,Germany,3.0,true,122.0,175a98f801,1
87.167.115.21,Germany,5.0,false,303.0,dc742f1af3,1
87.184.208.219,Germany,5.0,false,211.0,933d47db87,1
87.237.119.47,Russia,7.0,false,154.0,82a022e097,1
87.252.212.250,United Kingdom,3.0,false,150.0,85707bf681,1
87.56.172.205,Denmark,3.0,true,242.0,1510945c44,1
87.70.140.210,Israel,3.0,false,158.0,9ad0be18a6,1
87.91.211.49,France,5.0,false,164.0,e99091ad24,1
88.107.77.246,United Kingdom,6.0,false,159.0,363a2f234c,1
88.108.94.173,United Kingdom,11.0,false,169.0,a52600e7cf,1
88.169.94.226,France,5.0,false,166.0,ede4a37b43,1
88.204.248.9,Kazakhstan,5.0,false,105.0,4ddffd45f9,1
88.222.176.142,Republic of Lithuania,3.0,false,228.0,dbe836a16e,1
88.232.210.234,Turkey,5.0,false,114.0,0eacfb9499,1
88.31.73.151,Spain,3.0,false,167.0,105757176a,1
88.56.164.117,Italy,10.0,false,160.0,d43580da92,1
88.58.188.174,Italy,9.0,true,168.0,7905d74a01,1
88.64.133.188,Germany,8.0,true,137.0,7250d36ea9,1
88.83.85.144,Denmark,4.0,false,193.0,ecbbd39b4d,1
89.138.209.143,Israel,8.0,false,212.0,f5785f2fb0,1
89.147.184.135,Sweden,3.0,true,220.0,b9ec005bc9,1
89.15.147.53,Germany,5.0,false,183.0,2745e9cd7f,1
89.175.151.230,Russia,5.0,false,127.0,df629beb3a,1
89.211.217.109,Qatar,5.0,true,252.0,8e203a4c9d,1
89.32.226.92,Republic of Moldova,7.0,true,78.0,431097d063,1
89.36.7.2,Romania,6.0,false,143.0,fc25d63940,1
89.60.132.182,Germany,1.0,true,143.0,def1a83f05,1
89.64.182.201,Poland,4.0,true,154.0,1ffc51a396,1
89.64.196.207,Poland,9.0,true,139.0,3a12abfd5d,1
89.71.159.126,Poland,4.0,false,213.0,af7aa63794,1
90.109.226.227,France,5.0,false,216.0,42cbf1b37a,1
90.114.17.95,France,7.0,false,177.0,f237fe2ac8,1
90.15.215.138,France,8.0,false,198.0,30d5c18ad1,1
90.169.62.3,Spain,5.0,false,156.0,2c2e5ef5c5,1
90.17.248.70,France,2.0,false,183.0,a6a4b54352,1
90.19.46.21,France,5.0,true,121.0,aab9951544,1
90.242.20.78,United Kingdom,4.0,true,150.0,5bdc49156f,1
90.252.184.40,United Kingdom,7.0,false,147.0,5b081ca96e,1
90.32.193.17,France,6.0,false,143.0,8772ad3869,1
90.46.137.110,France,4.0,false,174.0,63f23d3618,1
90.61.75.228,France,8.0,false,180.0,3c7ee6335f,1
90.67.194.196,France,3.0,true,127.0,7dbac977a7,1
90.70.162.127,France,6.0,false,132.0,630fcc9fd1,1
91.105.1.187,Latvia,1.0,false,98.0,086786698d,1
91.142.83.96,Russia,8.0,false,102.0,1819da2166,1
91.174.211.2,France,6.0,true,155.0,55a7aaf9d1,1
91.182.180.176,Belgium,3.0,false,177.0,3f3c4d8d15,1
91.228.168.136,France,5.0,false,155.0,670c82034e,1
91.235.25.103,Poland,6.0,false,124.0,a28f6eb9a5,1
91.241.222.222,Ukraine,5.0,true,99.0,fd6d9682bd,1
91.29.170.88,Germany,7.0,false,245.0,5eb67ba780,1
91.87.204.126,Belgium,1.0,false,120.0,3147607a06,1
92.120.11.96,Netherlands,6.0,false,268.0,0b0de28eb8,1
92.147.104.178,France,6.0,true,117.0,2d3581ff49,1
92.177.177.20,France,4.0,false,184.0,50fe031f20,1
92.195.80.166,Germany,7.0,false,138.0,6aa04760f4,1
92.2.219.110,United Kingdom,5.0,true,195.0,7523f9aa22,1
92.92.140.221,France,5.0,false,199.0,15b9f9a670,1
93.120.182.220,Russia,9.0,true,82.0,c41d70fc8a,1
93.125.189.170,Netherlands,3.0,true,180.0,c2636581e4,1
93.144.144.186,Italy,6.0,false,151.0,adbf00ec03,1
93.148.146.60,Italy,10.0,false,143.0,e5626183f4,1
93.175.40.126,Israel,6.0,false,161.0,fa05f7b6aa,1
93.183.204.65,Ukraine,11.0,false,102.0,ce999ca679,1
93.26.88.226,France,3.0,false,175.0,6abf222872,1
93.66.42.6,Italy,6.0,false,289.0,be2a2ab183,1
93.71.145.123,Italy,5.0,true,134.0,3137a566d7,1
94.107.196.66,Belgium,3.0,false,291.0,0655fe3b62,1
94.131.156.135,Russia,6.0,false,122.0,6aee93c4c8,1
94.142.60.89,Hashemite Kingdom of Jordan,5.0,false,55.0,0d3d7c2112,1
94.153.48.77,Ukraine,2.0,false,84.0,9b50ccd245,1
94.205.121.120,United Arab Emirates,7.0,true,125.0,fe898fca8d,1
94.228.184.92,France,4.0,false,123.0,430bf88346,1
94.239.55.68,France,3.0,false,194.0,aad088142e,1
94.247.13.145,Italy,6.0,false,186.0,f8ed7fc9b5,1
94.247.77.228,Netherlands,7.0,true,128.0,7d898b17cf,1
94.27.161.148,Hungary,1.0,false,104.0,a50265e342,1
94.52.153.36,Romania,1.0,false,79.0,c9453a00fa,1
94.80.220.243,Italy,4.0,false,161.0,3d3c56543a,1
94.96.15.171,Saudi Arabia,8.0,false,134.0,681971452,1
95.107.67.151,Russia,8.0,false,172.0,c42590ad11,1
95.134.189.56,Ukraine,5.0,false,91.0,b09ff0a210,1
95.149.94.94,United Kingdom,4.0,true,129.0,d448452b37,1
95.164.8.83,Ukraine,6.0,true,339.0,c690107eaa,1
95.176.251.195,Slovenia,6.0,true,143.0,5557b4fbe7,1
95.21.50.154,Spain,2.0,false,139.0,ce0e23e484,1
95.219.253.141,Saudi Arabia,6.0,false,212.0,92aebeb4b7,1
95.27.236.27,Russia,5.0,true,92.0,9306691c5a,1
95.41.137.233,Poland,3.0,false,116.0,c26b425052,1
95.54.76.71,Russia,5.0,false,121.0,a2ddf2b317,1
95.60.71.193,Spain,5.0,true,216.0,0247588ae8,1
95.62.25.25,Spain,5.0,true,239.0,58784e0a53,1
95.91.153.158,Germany,8.0,false,270.0,421ccf9be6,1
96.10.103.156,United States,5.0,false,238.0,25673e36d6,1
96.133.134.54,United States,10.0,false,198.0,417ebcc05c,1
96.172.173.252,United States,5.0,false,266.0,a8f2cdae97,1
96.174.228.122,United States,7.0,true,167.0,22fb74fc71,1
96.20.175.175,Canada,5.0,false,176.0,8cc70a55be,1
96.248.230.23,United States,10.0,false,225.0,c7bb1a2373,1
96.32.104.250,United States,8.0,true,166.0,b611239e39,1
97.10.83.194,United States,6.0,false,219.0,1e4d7e4bac,1
97.111.26.224,Canada,3.0,false,198.0,939cb2ae83,1
97.120.75.245,United States,5.0,false,292.0,a6882321a7,1
97.166.132.85,United States,10.0,true,155.0,c3f7c7b1ae,1
97.167.252.240,United States,6.0,false,161.0,27db636401,1
97.230.238.173,United States,2.0,false,175.0,1c71cfa592,1
97.246.114.187,United States,5.0,false,155.0,6e0876e7ea,1
97.248.210.62,United States,6.0,false,219.0,2adc18b29a,1
97.35.198.42,United States,5.0,false,201.0,e95ee48dac,1
97.4.73.193,United States,4.0,false,261.0,b6fbc199ae,1
97.45.245.172,United States,3.0,false,217.0,245b0ac8de,1
97.50.116.228,United States,7.0,false,200.0,7f0a2e4090,1
97.51.119.95,United States,3.0,true,175.0,54b4885161,1
97.87.185.53,United States,4.0,false,244.0,a4e4abae93,1
98.11.2.152,United States,2.0,true,264.0,1e543d755b,1
98.130.205.248,United States,3.0,false,198.0,bde30705d1,1
98.181.90.151,United States,6.0,false,194.0,4e0d68b096,1
98.183.108.4,United States,3.0,false,219.0,8fd5da48f7,1
98.203.127.6,United States,9.0,false,222.0,2b51106c2d,1
98.244.87.12,United States,8.0,false,255.0,38dd974ae3,1
98.245.251.142,United States,5.0,false,266.0,c74645d6bd,1
98.36.202.42,United States,3.0,false,335.0,b7c485f48f,1
98.60.71.234,United States,10.0,true,250.0,51535a7f64,1
99.111.152.216,United States,6.0,false,221.0,346282339e,1
99.116.88.252,United States,5.0,true,147.0,45fee6bbf6,1
99.135.135.222,United States,5.0,false,200.0,3de3e07f61,1
99.175.32.190,United States,10.0,false,295.0,c9cd9478fc,1
99.199.241.60,Canada,3.0,false,200.0,a1c50bc342,1
99.243.33.57,Canada,5.0,true,151.0,69f34b7ca7,1
99.246.87.7,Canada,7.0,false,173.0,2c2b93bf61,1
99.27.241.107,United States,8.0,true,233.0,b18aed4da5,1
99.72.148.224,United States,4.0,false,160.0,ac57dc15af,1
